the_geom,points_id,location_name,input_address,match_address,latitude,longitude,major_basin_name,minor_basin_name,aquifer_name,string_id,aq30_id,pfaf_id,gid_1,aqid,gid_0,name_0,name_1,area_km2,bws_raw,bws_score,bws_cat,bws_label,bwd_raw,bwd_score,bwd_cat,bwd_label,iav_raw,iav_score,iav_cat,iav_label,sev_raw,sev_score,sev_cat,sev_label,gtd_raw,gtd_score,gtd_cat,gtd_label,rfr_raw,rfr_score,rfr_cat,rfr_label,cfr_raw,cfr_score,cfr_cat,cfr_label,drr_raw,drr_score,drr_cat,drr_label,ucw_raw,ucw_score,ucw_cat,ucw_label,cep_raw,cep_score,cep_cat,cep_label,udw_raw,udw_score,udw_cat,udw_label,usa_raw,usa_score,usa_cat,usa_label,rri_raw,rri_score,rri_cat,rri_label,w_awr_def_qan_raw,w_awr_def_qan_score,w_awr_def_qan_cat,w_awr_def_qan_label,w_awr_def_qan_weight_fraction,w_awr_def_qal_raw,w_awr_def_qal_score,w_awr_def_qal_cat,w_awr_def_qal_label,w_awr_def_qal_weight_fraction,w_awr_def_rrr_raw,w_awr_def_rrr_score,w_awr_def_rrr_cat,w_awr_def_rrr_label,w_awr_def_rrr_weight_fraction,w_awr_def_tot_raw,w_awr_def_tot_score,w_awr_def_tot_cat,w_awr_def_tot_label,w_awr_def_tot_weight_fraction,w_awr_agr_qan_raw,w_awr_agr_qan_score,w_awr_agr_qan_cat,w_awr_agr_qan_label,w_awr_agr_qan_weight_fraction,w_awr_agr_qal_raw,w_awr_agr_qal_score,w_awr_agr_qal_cat,w_awr_agr_qal_label,w_awr_agr_qal_weight_fraction,w_awr_agr_rrr_raw,w_awr_agr_rrr_score,w_awr_agr_rrr_cat,w_awr_agr_rrr_label,w_awr_agr_rrr_weight_fraction,w_awr_agr_tot_raw,w_awr_agr_tot_score,w_awr_agr_tot_cat,w_awr_agr_tot_label,w_awr_agr_tot_weight_fraction,w_awr_che_qan_raw,w_awr_che_qan_score,w_awr_che_qan_cat,w_awr_che_qan_label,w_awr_che_qan_weight_fraction,w_awr_che_qal_raw,w_awr_che_qal_score,w_awr_che_qal_cat,w_awr_che_qal_label,w_awr_che_qal_weight_fraction,w_awr_che_rrr_raw,w_awr_che_rrr_score,w_awr_che_rrr_cat,w_awr_che_rrr_label,w_awr_che_rrr_weight_fraction,w_awr_che_tot_raw,w_awr_che_tot_score,w_awr_che_tot_cat,w_awr_che_tot_label,w_awr_che_tot_weight_fraction,w_awr_con_qan_raw,w_awr_con_qan_score,w_awr_con_qan_cat,w_awr_con_qan_label,w_awr_con_qan_weight_fraction,w_awr_con_qal_raw,w_awr_con_qal_score,w_awr_con_qal_cat,w_awr_con_qal_label,w_awr_con_qal_weight_fraction,w_awr_con_rrr_raw,w_awr_con_rrr_score,w_awr_con_rrr_cat,w_awr_con_rrr_label,w_awr_con_rrr_weight_fraction,w_awr_con_tot_raw,w_awr_con_tot_score,w_awr_con_tot_cat,w_awr_con_tot_label,w_awr_con_tot_weight_fraction,w_awr_elp_qan_raw,w_awr_elp_qan_score,w_awr_elp_qan_cat,w_awr_elp_qan_label,w_awr_elp_qan_weight_fraction,w_awr_elp_qal_raw,w_awr_elp_qal_score,w_awr_elp_qal_cat,w_awr_elp_qal_label,w_awr_elp_qal_weight_fraction,w_awr_elp_rrr_raw,w_awr_elp_rrr_score,w_awr_elp_rrr_cat,w_awr_elp_rrr_label,w_awr_elp_rrr_weight_fraction,w_awr_elp_tot_raw,w_awr_elp_tot_score,w_awr_elp_tot_cat,w_awr_elp_tot_label,w_awr_elp_tot_weight_fraction,w_awr_fnb_qan_raw,w_awr_fnb_qan_score,w_awr_fnb_qan_cat,w_awr_fnb_qan_label,w_awr_fnb_qan_weight_fraction,w_awr_fnb_qal_raw,w_awr_fnb_qal_score,w_awr_fnb_qal_cat,w_awr_fnb_qal_label,w_awr_fnb_qal_weight_fraction,w_awr_fnb_rrr_raw,w_awr_fnb_rrr_score,w_awr_fnb_rrr_cat,w_awr_fnb_rrr_label,w_awr_fnb_rrr_weight_fraction,w_awr_fnb_tot_raw,w_awr_fnb_tot_score,w_awr_fnb_tot_cat,w_awr_fnb_tot_label,w_awr_fnb_tot_weight_fraction,w_awr_min_qan_raw,w_awr_min_qan_score,w_awr_min_qan_cat,w_awr_min_qan_label,w_awr_min_qan_weight_fraction,w_awr_min_qal_raw,w_awr_min_qal_score,w_awr_min_qal_cat,w_awr_min_qal_label,w_awr_min_qal_weight_fraction,w_awr_min_rrr_raw,w_awr_min_rrr_score,w_awr_min_rrr_cat,w_awr_min_rrr_label,w_awr_min_rrr_weight_fraction,w_awr_min_tot_raw,w_awr_min_tot_score,w_awr_min_tot_cat,w_awr_min_tot_label,w_awr_min_tot_weight_fraction,w_awr_ong_qan_raw,w_awr_ong_qan_score,w_awr_ong_qan_cat,w_awr_ong_qan_label,w_awr_ong_qan_weight_fraction,w_awr_ong_qal_raw,w_awr_ong_qal_score,w_awr_ong_qal_cat,w_awr_ong_qal_label,w_awr_ong_qal_weight_fraction,w_awr_ong_rrr_raw,w_awr_ong_rrr_score,w_awr_ong_rrr_cat,w_awr_ong_rrr_label,w_awr_ong_rrr_weight_fraction,w_awr_ong_tot_raw,w_awr_ong_tot_score,w_awr_ong_tot_cat,w_awr_ong_tot_label,w_awr_ong_tot_weight_fraction,w_awr_smc_qan_raw,w_awr_smc_qan_score,w_awr_smc_qan_cat,w_awr_smc_qan_label,w_awr_smc_qan_weight_fraction,w_awr_smc_qal_raw,w_awr_smc_qal_score,w_awr_smc_qal_cat,w_awr_smc_qal_label,w_awr_smc_qal_weight_fraction,w_awr_smc_rrr_raw,w_awr_smc_rrr_score,w_awr_smc_rrr_cat,w_awr_smc_rrr_label,w_awr_smc_rrr_weight_fraction,w_awr_smc_tot_raw,w_awr_smc_tot_score,w_awr_smc_tot_cat,w_awr_smc_tot_label,w_awr_smc_tot_weight_fraction,w_awr_tex_qan_raw,w_awr_tex_qan_score,w_awr_tex_qan_cat,w_awr_tex_qan_label,w_awr_tex_qan_weight_fraction,w_awr_tex_qal_raw,w_awr_tex_qal_score,w_awr_tex_qal_cat,w_awr_tex_qal_label,w_awr_tex_qal_weight_fraction,w_awr_tex_rrr_raw,w_awr_tex_rrr_score,w_awr_tex_rrr_cat,w_awr_tex_rrr_label,w_awr_tex_rrr_weight_fraction,w_awr_tex_tot_raw,w_awr_tex_tot_score,w_awr_tex_tot_cat,w_awr_tex_tot_label,w_awr_tex_tot_weight_fraction
0101000020E6100000CF9C374699DAE3BFF3AD77CE027A1640,8,"Ayensu River, Ghana","Ayensu River, Ghana",-,5.619151331,-0.620434415,"Africa, West Coast",Densu,,145103-GHA.3_1-2243,7489,145103,GHA.3_1,2243,GHA,Ghana,Central,2179.926798,0.07909495,0.661657486,0,Low (<10%),0.032664085,0.653281702,0,Low (<5%),0.400104892,1.60041957,1,Low - Medium (0.25-0.50),0.279745549,0.839236648,0,Low (<0.33),-0.403985,-9999,-9999,Insignificant Trend,0.054621423,4.121928144,4,Extremely High (more than 1 in 100),0,0,0,"Low (0 to 9 in 1,000,000)",0.611069083,3.055345413,3,Medium - High (0.6-0.8),1,5,4,Extremely High (100%),-3.714583115,1.257083377,1,Low - Medium (-5 to 0),0.158317339,3.662819268,3,High (10-20%),0.366763875,4.874851546,4,Extremely High (>20%),47,1.88,1,Low - Medium (25-50%),1.285554141,2.383439492,2,Medium - High (2-3),0.530612245,3.752361126,3.914682556,3,High (3-4),0.12244898,4.003409251,4.068606776,4,Extremely High (4-5),0.183673469,2.243152626,3.246814873,3,High (3-4),0.836734694,1.528698425,2.86019299,2,Medium - High (2-3),0.554621849,2.005666702,1.740888935,1,Low - Medium (1-2),0.168067227,4.128315677,4.185341754,4,Extremely High (4-5),0.142857143,2.050376666,2.89872789,2,Medium - High (2-3),0.865546218,1.729246125,3.174656925,3,High (3-4),0.60952381,4.584120375,4.644547329,4,Extremely High (4-5),0.085714286,3.472556938,3.591568695,3,High (3-4),0.228571429,2.425465999,3.561148273,3,High (3-4),0.923809524,1.378372505,2.565436285,2,Medium - High (2-3),0.571428571,3.752361126,3.914682556,3,High (3-4),0.107142857,3.791068326,3.875953862,3,High (3-4),0.178571429,2.177766045,3.134079388,3,High (3-4),0.857142857,1.381137503,2.570857848,2,Medium - High (2-3),0.893617021,2.005666702,1.740888935,1,Low - Medium (1-2),0.053191489,3.472556938,3.591568695,3,High (3-4),0.031914894,1.483277767,1.788796278,1,Low - Medium (1-2),0.978723404,1.236115963,2.286501889,2,Medium - High (2-3),0.510204082,3.128541689,3.229166691,3,High (3-4),0.163265306,3.074417703,3.236087235,3,High (3-4),0.163265306,1.964062786,2.722577114,2,Medium - High (2-3),0.836734694,1.87659049,3.373770933,3,High (3-4),0.549618321,3.752361126,3.914682556,3,High (3-4),0.022900763,3.472556938,3.591568695,3,High (3-4),0.366412214,2.545157168,3.767512359,3,High (3-4),0.938931298,0.962866841,1.656396867,1,Low - Medium (1-2),0.390804598,5,5,4,Extremely High (4-5),0.011494253,3.472556938,3.591568695,3,High (3-4),0.551724138,2.462894043,3.625679385,3,High (3-4),0.954022989,1.360756461,2.530895022,2,Medium - High (2-3),0.428571429,3.752361126,3.914682556,3,High (3-4),0.285714286,3.074417703,3.236087235,3,High (3-4),0.19047619,2.476770827,3.649604875,3,High (3-4),0.904761905,1.24496735,2.303857549,2,Medium - High (2-3),0.387755102,4.251416675,4.360185193,4,Extremely High (4-5),0.204081633,3.074417703,3.236087235,3,High (3-4),0.326530612,2.563538437,3.799204202,3,High (3-4),0.918367347
0101000020E61000006CC872242DC3FBBF09ADEC5AF9071940,5,"Ofin River, Ghana","Ofin River, Ghana",-,6.257787152,-1.735150473,"Africa, West Coast",Pra,,145104-GHA.1_1-2047,7497,145104,GHA.1_1,2047,GHA,Ghana,Ashanti,12940.60506,0.040357051,0,0,Low (<10%),0.022746956,0.454939126,0,Low (<5%),0.331646922,1.326587687,1,Low - Medium (0.25-0.50),0.203393087,0.610179261,0,Low (<0.33),1.66923,-9999,-9999,Insignificant Trend,0.003575043,2.185330874,2,"Medium - High (2 in 1,000 to 6 in 1,000)",0,0,0,"Low (0 to 9 in 1,000,000)",0.576332866,2.881664332,2,Medium (0.4-0.6),1,5,4,Extremely High (100%),-6.608538165,0.993173173,0,Low (<-5),0.106605396,3.092280466,3,High (10-20%),0.274043508,4.45440496,4,Extremely High (>20%),47,1.88,1,Low - Medium (25-50%),0.825907655,1.286236906,1,Low - Medium (1-2),0.530612245,3.664391058,3.818012151,3,High (3-4),0.12244898,3.562971301,3.672295804,3,High (3-4),0.183673469,1.842114319,2.473702692,2,Medium - High (2-3),0.836734694,1.120606649,2.060013038,2,Medium - High (2-3),0.554621849,1.794538538,1.459384718,1,Low - Medium (1-2),0.168067227,3.661969613,3.760687154,3,High (3-4),0.142857143,1.670915466,2.124317278,2,Medium - High (2-3),0.865546218,1.084456085,1.985016446,1,Low - Medium (1-2),0.60952381,4.554797019,4.619484632,4,Extremely High (4-5),0.085714286,3.142228476,3.296632568,3,High (3-4),0.228571429,1.915586042,2.623644983,2,Medium - High (2-3),0.923809524,0.868157117,1.400424639,1,Low - Medium (1-2),0.571428571,3.664391058,3.818012151,3,High (3-4),0.107142857,3.394674171,3.52203051,3,High (3-4),0.178571429,1.744044079,2.273559345,2,Medium - High (2-3),0.857142857,0.964953419,1.662036267,1,Low - Medium (1-2),0.893617021,1.794538538,1.459384718,1,Low - Medium (1-2),0.053191489,3.142228476,3.296632568,3,High (3-4),0.031914894,1.081037666,1.11839611,1,Low - Medium (1-2),0.978723404,0.824594234,1.282687119,1,Low - Medium (1-2),0.510204082,2.996586586,3.084161084,3,High (3-4),0.163265306,2.826671357,3.01488514,3,High (3-4),0.163265306,1.639046814,2.059279213,2,Medium - High (2-3),0.836734694,1.28414589,2.380678216,2,Medium - High (2-3),0.549618321,3.664391058,3.818012151,3,High (3-4),0.022900763,3.142228476,3.296632568,3,High (3-4),0.366412214,2.06730605,2.933277652,2,Medium - High (2-3),0.938931298,0.594057134,0.825079353,0,Low (0-1),0.390804598,5,5,4,Extremely High (4-5),0.011494253,3.142228476,3.296632568,3,High (3-4),0.551724138,2.120782041,3.035831105,3,High (3-4),0.954022989,0.879293379,1.430522645,1,Low - Medium (1-2),0.428571429,3.664391058,3.818012151,3,High (3-4),0.285714286,2.826671357,3.01488514,3,High (3-4),0.19047619,2.16877222,3.118572793,3,High (3-4),0.904761905,0.800900082,1.21864887,1,Low - Medium (1-2),0.387755102,4.198634635,4.315072337,4,Extremely High (4-5),0.204081633,2.826671357,3.01488514,3,High (3-4),0.326530612,2.276226436,3.303838682,3,High (3-4),0.918367347
0101000020E6100000D5D7CF6F53CCF6BFEC09ADAFF7701640,4,"Pra River, Ghana","Pra River, Ghana",-,5.610319848,-1.424884259,"Africa, West Coast",Pra,,145104-GHA.3_1-2047,7499,145104,GHA.3_1,2047,GHA,Ghana,Central,3263.054208,0.040357051,0,0,Low (<10%),0.022746956,0.454939126,0,Low (<5%),0.331646922,1.326587687,1,Low - Medium (0.25-0.50),0.203393087,0.610179261,0,Low (<0.33),1.66923,-9999,-9999,Insignificant Trend,0.003575043,2.185330874,2,"Medium - High (2 in 1,000 to 6 in 1,000)",0,0,0,"Low (0 to 9 in 1,000,000)",0.576332866,2.881664332,2,Medium (0.4-0.6),1,5,4,Extremely High (100%),-6.608538165,0.993173173,0,Low (<-5),0.106605396,3.092280466,3,High (10-20%),0.274043508,4.45440496,4,Extremely High (>20%),47,1.88,1,Low - Medium (25-50%),0.825907655,1.286236906,1,Low - Medium (1-2),0.530612245,3.664391058,3.818012151,3,High (3-4),0.12244898,3.562971301,3.672295804,3,High (3-4),0.183673469,1.842114319,2.473702692,2,Medium - High (2-3),0.836734694,1.120606649,2.060013038,2,Medium - High (2-3),0.554621849,1.794538538,1.459384718,1,Low - Medium (1-2),0.168067227,3.661969613,3.760687154,3,High (3-4),0.142857143,1.670915466,2.124317278,2,Medium - High (2-3),0.865546218,1.084456085,1.985016446,1,Low - Medium (1-2),0.60952381,4.554797019,4.619484632,4,Extremely High (4-5),0.085714286,3.142228476,3.296632568,3,High (3-4),0.228571429,1.915586042,2.623644983,2,Medium - High (2-3),0.923809524,0.868157117,1.400424639,1,Low - Medium (1-2),0.571428571,3.664391058,3.818012151,3,High (3-4),0.107142857,3.394674171,3.52203051,3,High (3-4),0.178571429,1.744044079,2.273559345,2,Medium - High (2-3),0.857142857,0.964953419,1.662036267,1,Low - Medium (1-2),0.893617021,1.794538538,1.459384718,1,Low - Medium (1-2),0.053191489,3.142228476,3.296632568,3,High (3-4),0.031914894,1.081037666,1.11839611,1,Low - Medium (1-2),0.978723404,0.824594234,1.282687119,1,Low - Medium (1-2),0.510204082,2.996586586,3.084161084,3,High (3-4),0.163265306,2.826671357,3.01488514,3,High (3-4),0.163265306,1.639046814,2.059279213,2,Medium - High (2-3),0.836734694,1.28414589,2.380678216,2,Medium - High (2-3),0.549618321,3.664391058,3.818012151,3,High (3-4),0.022900763,3.142228476,3.296632568,3,High (3-4),0.366412214,2.06730605,2.933277652,2,Medium - High (2-3),0.938931298,0.594057134,0.825079353,0,Low (0-1),0.390804598,5,5,4,Extremely High (4-5),0.011494253,3.142228476,3.296632568,3,High (3-4),0.551724138,2.120782041,3.035831105,3,High (3-4),0.954022989,0.879293379,1.430522645,1,Low - Medium (1-2),0.428571429,3.664391058,3.818012151,3,High (3-4),0.285714286,2.826671357,3.01488514,3,High (3-4),0.19047619,2.16877222,3.118572793,3,High (3-4),0.904761905,0.800900082,1.21864887,1,Low - Medium (1-2),0.387755102,4.198634635,4.315072337,4,Extremely High (4-5),0.204081633,2.826671357,3.01488514,3,High (3-4),0.326530612,2.276226436,3.303838682,3,High (3-4),0.918367347
0101000020E610000098CC672F91C1EABFD79B621FAEF61740,6,"Birim River, Ghana","Birim River, Ghana",-,5.9908986,-0.8361288,"Africa, West Coast",Pra,,145104-GHA.4_1-2047,7500,145104,GHA.4_1,2047,GHA,Ghana,Eastern,5548.947533,0.040357051,0,0,Low (<10%),0.022746956,0.454939126,0,Low (<5%),0.331646922,1.326587687,1,Low - Medium (0.25-0.50),0.203393087,0.610179261,0,Low (<0.33),1.66923,-9999,-9999,Insignificant Trend,0.003575043,2.185330874,2,"Medium - High (2 in 1,000 to 6 in 1,000)",0,0,0,"Low (0 to 9 in 1,000,000)",0.576332866,2.881664332,2,Medium (0.4-0.6),1,5,4,Extremely High (100%),-6.608538165,0.993173173,0,Low (<-5),0.106605396,3.092280466,3,High (10-20%),0.274043508,4.45440496,4,Extremely High (>20%),47,1.88,1,Low - Medium (25-50%),0.825907655,1.286236906,1,Low - Medium (1-2),0.530612245,3.664391058,3.818012151,3,High (3-4),0.12244898,3.562971301,3.672295804,3,High (3-4),0.183673469,1.842114319,2.473702692,2,Medium - High (2-3),0.836734694,1.120606649,2.060013038,2,Medium - High (2-3),0.554621849,1.794538538,1.459384718,1,Low - Medium (1-2),0.168067227,3.661969613,3.760687154,3,High (3-4),0.142857143,1.670915466,2.124317278,2,Medium - High (2-3),0.865546218,1.084456085,1.985016446,1,Low - Medium (1-2),0.60952381,4.554797019,4.619484632,4,Extremely High (4-5),0.085714286,3.142228476,3.296632568,3,High (3-4),0.228571429,1.915586042,2.623644983,2,Medium - High (2-3),0.923809524,0.868157117,1.400424639,1,Low - Medium (1-2),0.571428571,3.664391058,3.818012151,3,High (3-4),0.107142857,3.394674171,3.52203051,3,High (3-4),0.178571429,1.744044079,2.273559345,2,Medium - High (2-3),0.857142857,0.964953419,1.662036267,1,Low - Medium (1-2),0.893617021,1.794538538,1.459384718,1,Low - Medium (1-2),0.053191489,3.142228476,3.296632568,3,High (3-4),0.031914894,1.081037666,1.11839611,1,Low - Medium (1-2),0.978723404,0.824594234,1.282687119,1,Low - Medium (1-2),0.510204082,2.996586586,3.084161084,3,High (3-4),0.163265306,2.826671357,3.01488514,3,High (3-4),0.163265306,1.639046814,2.059279213,2,Medium - High (2-3),0.836734694,1.28414589,2.380678216,2,Medium - High (2-3),0.549618321,3.664391058,3.818012151,3,High (3-4),0.022900763,3.142228476,3.296632568,3,High (3-4),0.366412214,2.06730605,2.933277652,2,Medium - High (2-3),0.938931298,0.594057134,0.825079353,0,Low (0-1),0.390804598,5,5,4,Extremely High (4-5),0.011494253,3.142228476,3.296632568,3,High (3-4),0.551724138,2.120782041,3.035831105,3,High (3-4),0.954022989,0.879293379,1.430522645,1,Low - Medium (1-2),0.428571429,3.664391058,3.818012151,3,High (3-4),0.285714286,2.826671357,3.01488514,3,High (3-4),0.19047619,2.16877222,3.118572793,3,High (3-4),0.904761905,0.800900082,1.21864887,1,Low - Medium (1-2),0.387755102,4.198634635,4.315072337,4,Extremely High (4-5),0.204081633,2.826671357,3.01488514,3,High (3-4),0.326530612,2.276226436,3.303838682,3,High (3-4),0.918367347
0101000020E61000006555D029D27901C0794611082ACD1540,3,"Ankobra River, Ghana","Ankobra River, Ghana",-,5.45035565,-2.184482886,"Africa, West Coast",Ankobra,,145106-GHA.10_1-2047,7506,145106,GHA.10_1,2047,GHA,Ghana,Western,8000.405226,0.006679984,0,0,Low (<10%),0.003653055,0.073061096,0,Low (<5%),0.36799046,1.47196184,1,Low - Medium (0.25-0.50),0.220968948,0.662906844,0,Low (<0.33),1.66923,-9999,-9999,Insignificant Trend,0.009237388,3.413137761,3,"High (6 in 1,000 to 1 in 100)",0,0,0,"Low (0 to 9 in 1,000,000)",0.525916867,2.629584337,2,Medium (0.4-0.6),1,5,4,Extremely High (100%),-8.205739554,0.98639446,0,Low (<-5),0.17892312,3.839339819,3,High (10-20%),0.403931741,5,4,Extremely High (>20%),47,1.88,1,Low - Medium (25-50%),0.771691166,1.139705855,1,Low - Medium (1-2),0.530612245,3.662131487,3.815529106,3,High (3-4),0.12244898,4.137484364,4.193910621,4,Extremely High (4-5),0.183673469,1.933515086,2.660234869,2,Medium - High (2-3),0.836734694,1.060551309,1.920408943,1,Low - Medium (1-2),0.554621849,1.789115568,1.452154091,1,Low - Medium (1-2),0.168067227,4.270277562,4.318016413,4,Extremely High (4-5),0.142857143,1.731780741,2.248532124,2,Medium - High (2-3),0.865546218,1.324544412,2.459891004,2,Medium - High (2-3),0.60952381,4.554043829,4.618840879,4,Extremely High (4-5),0.085714286,3.573113273,3.681351137,3,High (3-4),0.228571429,2.180535623,3.138854522,3,High (3-4),0.923809524,0.907034829,1.505499538,1,Low - Medium (1-2),0.571428571,3.662131487,3.815529106,3,High (3-4),0.107142857,3.911735928,3.983692793,3,High (3-4),0.178571429,1.877401307,2.545716953,2,Medium - High (2-3),0.857142857,0.973077752,1.683993923,1,Low - Medium (1-2),0.893617021,1.789115568,1.452154091,1,Low - Medium (1-2),0.053191489,3.573113273,3.681351137,3,High (3-4),0.031914894,1.1022114,1.153685667,1,Low - Medium (1-2),0.978723404,0.724911776,1.013275071,1,Low - Medium (1-2),0.510204082,2.99319723,3.080436517,3,High (3-4),0.163265306,3.149834955,3.303424067,3,High (3-4),0.163265306,1.640659802,2.062571024,2,Medium - High (2-3),0.836734694,1.469548848,2.744213428,2,Medium - High (2-3),0.549618321,3.662131487,3.815529106,3,High (3-4),0.022900763,3.573113273,3.681351137,3,High (3-4),0.366412214,2.343929664,3.420568386,3,High (3-4),0.938931298,0.690402984,0.958893034,0,Low (0-1),0.390804598,5,5,4,Extremely High (4-5),0.011494253,3.573113273,3.681351137,3,High (3-4),0.551724138,2.409435405,3.533509318,3,High (3-4),0.954022989,0.924856997,1.55366756,1,Low - Medium (1-2),0.428571429,3.662131487,3.815529106,3,High (3-4),0.285714286,3.149834955,3.303424067,3,High (3-4),0.19047619,2.25767588,3.271854965,3,High (3-4),0.904761905,0.841290479,1.327812106,1,Low - Medium (1-2),0.387755102,4.197278892,4.313913583,4,Extremely High (4-5),0.204081633,3.149834955,3.303424067,3,High (3-4),0.326530612,2.407881496,3.530830165,3,High (3-4),0.918367347
0101000020E6100000B586F7C19E1BA3BF8942CBBA7F241A40,13,"Lake Volta, Ghana","Lake Volta, Ghana",-,6.5356435,-0.0373201,Volta,Volta 2,,144104-GHA.4_1-2047,7224,144104,GHA.4_1,2047,GHA,Ghana,Eastern,6467.208752,0.005325488,0,0,Low (<10%),0.003417642,0.068352832,0,Low (<5%),0.187431764,0.749727057,0,Low (<0.25),0.186270907,0.558812721,0,Low (<0.33),1.66923,-9999,-9999,Insignificant Trend,0.00311162,2.039358156,2,"Medium - High (2 in 1,000 to 6 in 1,000)",0,0,0,"Low (0 to 9 in 1,000,000)",0.601907256,3.009536278,3,Medium - High (0.6-0.8),1,5,4,Extremely High (100%),-0.348709419,1.930258116,1,Low - Medium (-5 to 0),0.196178447,3.972166552,3,High (10-20%),0.434923645,5,4,Extremely High (>20%),47,1.88,1,Low - Medium (25-50%),0.691239379,0.960054693,0,Low (0-1),0.530612245,3.976752705,4.125429663,4,Extremely High (4-5),0.12244898,4.196518468,4.24908268,4,Extremely High (4-5),0.183673469,1.941497715,2.676525948,2,Medium - High (2-3),0.836734694,0.977562125,1.696113852,1,Low - Medium (1-2),0.554621849,2.544206493,2.478064574,2,Medium - High (2-3),0.168067227,4.33278426,4.376433888,4,Extremely High (4-5),0.142857143,1.835539442,2.460284576,2,Medium - High (2-3),0.865546218,0.976359414,1.692863281,1,Low - Medium (1-2),0.60952381,4.658917568,4.708476554,4,Extremely High (4-5),0.085714286,3.617388851,3.720882902,3,High (3-4),0.228571429,1.97149065,2.73773602,2,Medium - High (2-3),0.923809524,0.729983748,1.026983103,1,Low - Medium (1-2),0.571428571,3.976752705,4.125429663,4,Extremely High (4-5),0.107142857,3.964866621,4.032585627,4,Extremely High (4-5),0.178571429,1.8097638,2.407681224,2,Medium - High (2-3),0.857142857,0.869410726,1.403812773,1,Low - Medium (1-2),0.893617021,2.544206493,2.478064574,2,Medium - High (2-3),0.053191489,3.617388851,3.720882902,3,High (3-4),0.031914894,1.050040218,1.066733696,1,Low - Medium (1-2),0.978723404,0.66730371,0.926810709,0,Low (0-1),0.510204082,3.465129058,3.599042921,3,High (3-4),0.163265306,3.183041638,3.333072891,3,High (3-4),0.163265306,1.704096545,2.192033764,2,Medium - High (2-3),0.836734694,1.202267954,2.220133244,2,Medium - High (2-3),0.549618321,3.976752705,4.125429663,4,Extremely High (4-5),0.022900763,3.617388851,3.720882902,3,High (3-4),0.366412214,2.212424518,3.193835375,3,High (3-4),0.938931298,0.501970472,0.697181212,0,Low (0-1),0.390804598,5,5,4,Extremely High (4-5),0.011494253,3.617388851,3.720882902,3,High (3-4),0.551724138,2.357851336,3.444571269,3,High (3-4),0.954022989,0.721571097,1.004246209,1,Low - Medium (1-2),0.428571429,3.976752705,4.125429663,4,Extremely High (4-5),0.285714286,3.183041638,3.333072891,3,High (3-4),0.19047619,2.267727508,3.289185359,3,High (3-4),0.904761905,0.654182475,0.908586771,0,Low (0-1),0.387755102,4.386051623,4.475257798,4,Extremely High (4-5),0.204081633,3.183041638,3.333072891,3,High (3-4),0.326530612,2.382636655,3.487304577,3,High (3-4),0.918367347
0101000020E61000004D4C7F456A29E53F9D35456EF08B1A40,12,Todzie River,Todzie River,-,6.636659358,0.661305557,Volta,Volta 1,,144102-TGO.4_1-2047,7210,144102,TGO.4_1,2047,TGO,Togo,Plateaux,1027.590871,0.019738924,0,0,Low (<10%),0.011790956,0.235819119,0,Low (<5%),0.351593694,1.406374775,1,Low - Medium (0.25-0.50),0.331328136,0.993984409,0,Low (<0.33),1.66923,-9999,-9999,Insignificant Trend,0.01013331,3.533469151,3,"High (6 in 1,000 to 1 in 100)",0,0,0,"Low (0 to 9 in 1,000,000)",0.725890917,3.629454583,3,Medium - High (0.6-0.8),-1,5,-1,No to Low Wastewater Collected,-2.582505629,1.483498874,1,Low - Medium (-5 to 0),0.318557928,4.671555741,4,Extremely High (>20%),0.626963907,5,4,Extremely High (>20%),75,4,4,Extremely High (>75%),0.995064184,1.743416713,1,Low - Medium (1-2),0.530612245,3.827832958,3.997618635,3,High (3-4),0.12244898,4.742913663,4.759732395,4,Extremely High (4-5),0.183673469,2.232314378,3.228128238,3,High (3-4),0.836734694,1.351776104,2.513286478,2,Medium - High (2-3),0.554621849,2.186799099,1.982398799,1,Low - Medium (1-2),0.168067227,4.786614466,4.800574268,4,Extremely High (4-5),0.142857143,2.080831561,2.960880737,2,Medium - High (2-3),0.865546218,1.51654895,2.836370489,2,Medium - High (2-3),0.60952381,4.609277653,4.666049276,4,Extremely High (4-5),0.085714286,4.557185247,4.586154436,4,Extremely High (4-5),0.228571429,2.555825542,3.785906107,3,High (3-4),0.923809524,1.104342696,2.028122933,2,Medium - High (2-3),0.571428571,3.827832958,3.997618635,3,High (3-4),0.107142857,4.668622296,4.690301212,4,Extremely High (4-5),0.178571429,2.187337229,3.150581429,3,High (3-4),0.857142857,1.234398891,2.28313508,2,Medium - High (2-3),0.893617021,2.186799099,1.982398799,1,Low - Medium (1-2),0.053191489,4.557185247,4.586154436,4,Extremely High (4-5),0.031914894,1.394511501,1.640852501,1,Low - Medium (1-2),0.978723404,0.949782976,1.62103507,1,Low - Medium (1-2),0.510204082,3.241749437,3.35357081,3,High (3-4),0.163265306,4.417888935,4.455970968,4,Extremely High (4-5),0.163265306,2.073699546,2.946325604,2,Medium - High (2-3),0.836734694,1.751316242,3.204481408,3,High (3-4),0.549618321,3.827832958,3.997618635,3,High (3-4),0.022900763,4.557185247,4.586154436,4,Extremely High (4-5),0.366412214,2.896936262,4.093507009,4,Extremely High (4-5),0.938931298,0.798140606,1.211190828,1,Low - Medium (1-2),0.390804598,5,5,4,Extremely High (4-5),0.011494253,4.557185247,4.586154436,4,Extremely High (4-5),0.551724138,3.022670753,4.147702911,4,Extremely High (4-5),0.954022989,1.11499124,2.049002431,2,Medium - High (2-3),0.428571429,3.827832958,3.997618635,3,High (3-4),0.285714286,4.417888935,4.455970968,4,Extremely High (4-5),0.19047619,2.667024981,3.977629278,3,High (3-4),0.904761905,1.003992521,1.767547355,1,Low - Medium (1-2),0.387755102,4.296699775,4.398888696,4,Extremely High (4-5),0.204081633,4.417888935,4.455970968,4,Extremely High (4-5),0.326530612,2.94953508,4.116178914,4,Extremely High (4-5),0.918367347
0101000020E6100000B28A92EB014EC33F89D9267046F81940,7,"Anum, Ghana","Anum, Ghana",-,6.4924562,0.1508181,Volta,Volta 1,,144103-GHA.4_1-2047,7211,144103,GHA.4_1,2047,GHA,Ghana,Eastern,629.5706199,0.000322225,0,0,Low (<10%),0.000155705,0.003114107,0,Low (<5%),0.24769077,0.990763079,0,Low (<0.25),0.302107511,0.906322532,0,Low (<0.33),1.66923,-9999,-9999,Insignificant Trend,0.038943991,4.075322273,4,Extremely High (more than 1 in 100),0,0,0,"Low (0 to 9 in 1,000,000)",0.682283623,3.411418113,3,Medium - High (0.6-0.8),1,5,4,Extremely High (100%),-0.17656206,1.964687588,1,Low - Medium (-5 to 0),0.185152392,3.888713187,3,High (10-20%),0.415119996,5,4,Extremely High (>20%),47,1.88,1,Low - Medium (25-50%),0.912242903,1.519575412,1,Low - Medium (1-2),0.530612245,3.988229196,4.135238629,4,Extremely High (4-5),0.12244898,4.159428083,4.214418769,4,Extremely High (4-5),0.183673469,2.075183985,2.949355072,2,Medium - High (2-3),0.836734694,1.222311429,2.259434175,2,Medium - High (2-3),0.554621849,2.57175007,2.516319542,2,Medium - High (2-3),0.168067227,4.293512088,4.339730923,4,Extremely High (4-5),0.142857143,1.991235546,2.778031726,2,Medium - High (2-3),0.865546218,1.564214946,2.929833228,2,Medium - High (2-3),0.60952381,4.662743065,4.71174621,4,Extremely High (4-5),0.085714286,3.589571062,3.696045591,3,High (3-4),0.228571429,2.352826285,3.435907388,3,High (3-4),0.923809524,1.055188926,1.905916015,1,Low - Medium (1-2),0.571428571,3.988229196,4.135238629,4,Extremely High (4-5),0.107142857,3.931485275,4.001388107,4,Extremely High (4-5),0.178571429,2.021047366,2.838872175,2,Medium - High (2-3),0.857142857,1.172008646,2.160801267,2,Medium - High (2-3),0.893617021,2.57175007,2.516319542,2,Medium - High (2-3),0.053191489,3.589571062,3.696045591,3,High (3-4),0.031914894,1.326915107,1.528191845,1,Low - Medium (1-2),0.978723404,0.825350251,1.284730408,1,Low - Medium (1-2),0.510204082,3.482343794,3.617960213,3,High (3-4),0.163265306,3.162178297,3.314444908,3,High (3-4),0.163265306,1.799754463,2.387254007,2,Medium - High (2-3),0.836734694,1.769459743,3.228999652,3,High (3-4),0.549618321,3.988229196,4.135238629,4,Extremely High (4-5),0.022900763,3.589571062,3.696045591,3,High (3-4),0.366412214,2.533863415,3.748040371,3,High (3-4),0.938931298,0.79208097,1.194813431,1,Low - Medium (1-2),0.390804598,5,5,4,Extremely High (4-5),0.011494253,3.589571062,3.696045591,3,High (3-4),0.551724138,2.460604385,3.621731698,3,High (3-4),0.954022989,1.043339357,1.873890153,1,Low - Medium (1-2),0.428571429,3.988229196,4.135238629,4,Extremely High (4-5),0.285714286,3.162178297,3.314444908,3,High (3-4),0.19047619,2.419375925,3.550648146,3,High (3-4),0.904761905,0.940725573,1.596555603,1,Low - Medium (1-2),0.387755102,4.392937518,4.481143177,4,Extremely High (4-5),0.204081633,3.162178297,3.314444908,3,High (3-4),0.326530612,2.49773364,3.685747656,3,High (3-4),0.918367347
0101000020E61000000FED084C4CBCDD3F4276DEC666771840,11,"Angongwi, Ghana","Angongwi, Ghana",-,6.116603,0.4646178,Volta,Volta 1,,144103-GHA.9_1-2239,7218,144103,GHA.9_1,2239,GHA,Ghana,Volta,223.5783597,0.000322225,0,0,Low (<10%),0.000155705,0.003114107,0,Low (<5%),0.24769077,0.990763079,0,Low (<0.25),0.302107511,0.906322532,0,Low (<0.33),-0.670153,-9999,-9999,Insignificant Trend,0.038943991,4.075322273,4,Extremely High (more than 1 in 100),0,0,0,"Low (0 to 9 in 1,000,000)",0.682283623,3.411418113,3,Medium - High (0.6-0.8),1,5,4,Extremely High (100%),-0.17656206,1.964687588,1,Low - Medium (-5 to 0),0.185152392,3.888713187,3,High (10-20%),0.415119996,5,4,Extremely High (>20%),47,1.88,1,Low - Medium (25-50%),0.912242903,1.519575412,1,Low - Medium (1-2),0.530612245,3.988229196,4.135238629,4,Extremely High (4-5),0.12244898,4.159428083,4.214418769,4,Extremely High (4-5),0.183673469,2.075183985,2.949355072,2,Medium - High (2-3),0.836734694,1.222311429,2.259434175,2,Medium - High (2-3),0.554621849,2.57175007,2.516319542,2,Medium - High (2-3),0.168067227,4.293512088,4.339730923,4,Extremely High (4-5),0.142857143,1.991235546,2.778031726,2,Medium - High (2-3),0.865546218,1.564214946,2.929833228,2,Medium - High (2-3),0.60952381,4.662743065,4.71174621,4,Extremely High (4-5),0.085714286,3.589571062,3.696045591,3,High (3-4),0.228571429,2.352826285,3.435907388,3,High (3-4),0.923809524,1.055188926,1.905916015,1,Low - Medium (1-2),0.571428571,3.988229196,4.135238629,4,Extremely High (4-5),0.107142857,3.931485275,4.001388107,4,Extremely High (4-5),0.178571429,2.021047366,2.838872175,2,Medium - High (2-3),0.857142857,1.172008646,2.160801267,2,Medium - High (2-3),0.893617021,2.57175007,2.516319542,2,Medium - High (2-3),0.053191489,3.589571062,3.696045591,3,High (3-4),0.031914894,1.326915107,1.528191845,1,Low - Medium (1-2),0.978723404,0.825350251,1.284730408,1,Low - Medium (1-2),0.510204082,3.482343794,3.617960213,3,High (3-4),0.163265306,3.162178297,3.314444908,3,High (3-4),0.163265306,1.799754463,2.387254007,2,Medium - High (2-3),0.836734694,1.769459743,3.228999652,3,High (3-4),0.549618321,3.988229196,4.135238629,4,Extremely High (4-5),0.022900763,3.589571062,3.696045591,3,High (3-4),0.366412214,2.533863415,3.748040371,3,High (3-4),0.938931298,0.79208097,1.194813431,1,Low - Medium (1-2),0.390804598,5,5,4,Extremely High (4-5),0.011494253,3.589571062,3.696045591,3,High (3-4),0.551724138,2.460604385,3.621731698,3,High (3-4),0.954022989,1.043339357,1.873890153,1,Low - Medium (1-2),0.428571429,3.988229196,4.135238629,4,Extremely High (4-5),0.285714286,3.162178297,3.314444908,3,High (3-4),0.19047619,2.419375925,3.550648146,3,High (3-4),0.904761905,0.940725573,1.596555603,1,Low - Medium (1-2),0.387755102,4.392937518,4.481143177,4,Extremely High (4-5),0.204081633,3.162178297,3.314444908,3,High (3-4),0.326530612,2.49773364,3.685747656,3,High (3-4),0.918367347
0101000020E610000067D17D314215D83FF4A3286A45301840,10,"Volta River, Ghana","Volta River, Ghana",-,6.047139796,0.37629752,Volta,Volta 1,,144103-GHA.9_1-None,7221,144103,GHA.9_1,-9999,GHA,Ghana,Volta,94.21767737,0.000322225,0,0,Low (<10%),0.000155705,0.003114107,0,Low (<5%),0.24769077,0.990763079,0,Low (<0.25),0.302107511,0.906322532,0,Low (<0.33),-9999,-9999,-9999,Insignificant Trend,0.038943991,4.075322273,4,Extremely High (more than 1 in 100),0,0,0,"Low (0 to 9 in 1,000,000)",0.682283623,3.411418113,3,Medium - High (0.6-0.8),1,5,4,Extremely High (100%),-0.17656206,1.964687588,1,Low - Medium (-5 to 0),0.185152392,3.888713187,3,High (10-20%),0.415119996,5,4,Extremely High (>20%),47,1.88,1,Low - Medium (25-50%),0.912242903,1.519575412,1,Low - Medium (1-2),0.530612245,3.988229196,4.135238629,4,Extremely High (4-5),0.12244898,4.159428083,4.214418769,4,Extremely High (4-5),0.183673469,2.075183985,2.949355072,2,Medium - High (2-3),0.836734694,1.222311429,2.259434175,2,Medium - High (2-3),0.554621849,2.57175007,2.516319542,2,Medium - High (2-3),0.168067227,4.293512088,4.339730923,4,Extremely High (4-5),0.142857143,1.991235546,2.778031726,2,Medium - High (2-3),0.865546218,1.564214946,2.929833228,2,Medium - High (2-3),0.60952381,4.662743065,4.71174621,4,Extremely High (4-5),0.085714286,3.589571062,3.696045591,3,High (3-4),0.228571429,2.352826285,3.435907388,3,High (3-4),0.923809524,1.055188926,1.905916015,1,Low - Medium (1-2),0.571428571,3.988229196,4.135238629,4,Extremely High (4-5),0.107142857,3.931485275,4.001388107,4,Extremely High (4-5),0.178571429,2.021047366,2.838872175,2,Medium - High (2-3),0.857142857,1.172008646,2.160801267,2,Medium - High (2-3),0.893617021,2.57175007,2.516319542,2,Medium - High (2-3),0.053191489,3.589571062,3.696045591,3,High (3-4),0.031914894,1.326915107,1.528191845,1,Low - Medium (1-2),0.978723404,0.825350251,1.284730408,1,Low - Medium (1-2),0.510204082,3.482343794,3.617960213,3,High (3-4),0.163265306,3.162178297,3.314444908,3,High (3-4),0.163265306,1.799754463,2.387254007,2,Medium - High (2-3),0.836734694,1.769459743,3.228999652,3,High (3-4),0.549618321,3.988229196,4.135238629,4,Extremely High (4-5),0.022900763,3.589571062,3.696045591,3,High (3-4),0.366412214,2.533863415,3.748040371,3,High (3-4),0.938931298,0.79208097,1.194813431,1,Low - Medium (1-2),0.390804598,5,5,4,Extremely High (4-5),0.011494253,3.589571062,3.696045591,3,High (3-4),0.551724138,2.460604385,3.621731698,3,High (3-4),0.954022989,1.043339357,1.873890153,1,Low - Medium (1-2),0.428571429,3.988229196,4.135238629,4,Extremely High (4-5),0.285714286,3.162178297,3.314444908,3,High (3-4),0.19047619,2.419375925,3.550648146,3,High (3-4),0.904761905,0.940725573,1.596555603,1,Low - Medium (1-2),0.387755102,4.392937518,4.481143177,4,Extremely High (4-5),0.204081633,3.162178297,3.314444908,3,High (3-4),0.326530612,2.49773364,3.685747656,3,High (3-4),0.918367347
0101000020E6100000F90D6CC59907F8BFFCEF7C97365A1D40,19,"Pru River, Ghana","Pru River, Ghana",-,7.338098876,-1.501855632,Volta,Afram,,144104-GHA.1_1-2047,7222,144104,GHA.1_1,2047,GHA,Ghana,Ashanti,5817.192107,0.005325488,0,0,Low (<10%),0.003417642,0.068352832,0,Low (<5%),0.187431764,0.749727057,0,Low (<0.25),0.186270907,0.558812721,0,Low (<0.33),1.66923,-9999,-9999,Insignificant Trend,0.00311162,2.039358156,2,"Medium - High (2 in 1,000 to 6 in 1,000)",0,0,0,"Low (0 to 9 in 1,000,000)",0.601907256,3.009536278,3,Medium - High (0.6-0.8),1,5,4,Extremely High (100%),-0.348709419,1.930258116,1,Low - Medium (-5 to 0),0.196178447,3.972166552,3,High (10-20%),0.434923645,5,4,Extremely High (>20%),47,1.88,1,Low - Medium (25-50%),0.691239379,0.960054693,0,Low (0-1),0.530612245,3.976752705,4.125429663,4,Extremely High (4-5),0.12244898,4.196518468,4.24908268,4,Extremely High (4-5),0.183673469,1.941497715,2.676525948,2,Medium - High (2-3),0.836734694,0.977562125,1.696113852,1,Low - Medium (1-2),0.554621849,2.544206493,2.478064574,2,Medium - High (2-3),0.168067227,4.33278426,4.376433888,4,Extremely High (4-5),0.142857143,1.835539442,2.460284576,2,Medium - High (2-3),0.865546218,0.976359414,1.692863281,1,Low - Medium (1-2),0.60952381,4.658917568,4.708476554,4,Extremely High (4-5),0.085714286,3.617388851,3.720882902,3,High (3-4),0.228571429,1.97149065,2.73773602,2,Medium - High (2-3),0.923809524,0.729983748,1.026983103,1,Low - Medium (1-2),0.571428571,3.976752705,4.125429663,4,Extremely High (4-5),0.107142857,3.964866621,4.032585627,4,Extremely High (4-5),0.178571429,1.8097638,2.407681224,2,Medium - High (2-3),0.857142857,0.869410726,1.403812773,1,Low - Medium (1-2),0.893617021,2.544206493,2.478064574,2,Medium - High (2-3),0.053191489,3.617388851,3.720882902,3,High (3-4),0.031914894,1.050040218,1.066733696,1,Low - Medium (1-2),0.978723404,0.66730371,0.926810709,0,Low (0-1),0.510204082,3.465129058,3.599042921,3,High (3-4),0.163265306,3.183041638,3.333072891,3,High (3-4),0.163265306,1.704096545,2.192033764,2,Medium - High (2-3),0.836734694,1.202267954,2.220133244,2,Medium - High (2-3),0.549618321,3.976752705,4.125429663,4,Extremely High (4-5),0.022900763,3.617388851,3.720882902,3,High (3-4),0.366412214,2.212424518,3.193835375,3,High (3-4),0.938931298,0.501970472,0.697181212,0,Low (0-1),0.390804598,5,5,4,Extremely High (4-5),0.011494253,3.617388851,3.720882902,3,High (3-4),0.551724138,2.357851336,3.444571269,3,High (3-4),0.954022989,0.721571097,1.004246209,1,Low - Medium (1-2),0.428571429,3.976752705,4.125429663,4,Extremely High (4-5),0.285714286,3.183041638,3.333072891,3,High (3-4),0.19047619,2.267727508,3.289185359,3,High (3-4),0.904761905,0.654182475,0.908586771,0,Low (0-1),0.387755102,4.386051623,4.475257798,4,Extremely High (4-5),0.204081633,3.183041638,3.333072891,3,High (3-4),0.326530612,2.382636655,3.487304577,3,High (3-4),0.918367347
0101000020E61000009345BD871B45F1BF9D94C3D39DA01C40,14,"Afram River, Ghana","Afram River, Ghana",-,7.156852063,-1.079371958,Volta,Afram,,144104-GHA.1_1-2047,7222,144104,GHA.1_1,2047,GHA,Ghana,Ashanti,5817.192107,0.005325488,0,0,Low (<10%),0.003417642,0.068352832,0,Low (<5%),0.187431764,0.749727057,0,Low (<0.25),0.186270907,0.558812721,0,Low (<0.33),1.66923,-9999,-9999,Insignificant Trend,0.00311162,2.039358156,2,"Medium - High (2 in 1,000 to 6 in 1,000)",0,0,0,"Low (0 to 9 in 1,000,000)",0.601907256,3.009536278,3,Medium - High (0.6-0.8),1,5,4,Extremely High (100%),-0.348709419,1.930258116,1,Low - Medium (-5 to 0),0.196178447,3.972166552,3,High (10-20%),0.434923645,5,4,Extremely High (>20%),47,1.88,1,Low - Medium (25-50%),0.691239379,0.960054693,0,Low (0-1),0.530612245,3.976752705,4.125429663,4,Extremely High (4-5),0.12244898,4.196518468,4.24908268,4,Extremely High (4-5),0.183673469,1.941497715,2.676525948,2,Medium - High (2-3),0.836734694,0.977562125,1.696113852,1,Low - Medium (1-2),0.554621849,2.544206493,2.478064574,2,Medium - High (2-3),0.168067227,4.33278426,4.376433888,4,Extremely High (4-5),0.142857143,1.835539442,2.460284576,2,Medium - High (2-3),0.865546218,0.976359414,1.692863281,1,Low - Medium (1-2),0.60952381,4.658917568,4.708476554,4,Extremely High (4-5),0.085714286,3.617388851,3.720882902,3,High (3-4),0.228571429,1.97149065,2.73773602,2,Medium - High (2-3),0.923809524,0.729983748,1.026983103,1,Low - Medium (1-2),0.571428571,3.976752705,4.125429663,4,Extremely High (4-5),0.107142857,3.964866621,4.032585627,4,Extremely High (4-5),0.178571429,1.8097638,2.407681224,2,Medium - High (2-3),0.857142857,0.869410726,1.403812773,1,Low - Medium (1-2),0.893617021,2.544206493,2.478064574,2,Medium - High (2-3),0.053191489,3.617388851,3.720882902,3,High (3-4),0.031914894,1.050040218,1.066733696,1,Low - Medium (1-2),0.978723404,0.66730371,0.926810709,0,Low (0-1),0.510204082,3.465129058,3.599042921,3,High (3-4),0.163265306,3.183041638,3.333072891,3,High (3-4),0.163265306,1.704096545,2.192033764,2,Medium - High (2-3),0.836734694,1.202267954,2.220133244,2,Medium - High (2-3),0.549618321,3.976752705,4.125429663,4,Extremely High (4-5),0.022900763,3.617388851,3.720882902,3,High (3-4),0.366412214,2.212424518,3.193835375,3,High (3-4),0.938931298,0.501970472,0.697181212,0,Low (0-1),0.390804598,5,5,4,Extremely High (4-5),0.011494253,3.617388851,3.720882902,3,High (3-4),0.551724138,2.357851336,3.444571269,3,High (3-4),0.954022989,0.721571097,1.004246209,1,Low - Medium (1-2),0.428571429,3.976752705,4.125429663,4,Extremely High (4-5),0.285714286,3.183041638,3.333072891,3,High (3-4),0.19047619,2.267727508,3.289185359,3,High (3-4),0.904761905,0.654182475,0.908586771,0,Low (0-1),0.387755102,4.386051623,4.475257798,4,Extremely High (4-5),0.204081633,3.183041638,3.333072891,3,High (3-4),0.326530612,2.382636655,3.487304577,3,High (3-4),0.918367347
0101000020E61000007D9983FB5CC8B4BF76AE83DE76AC1C40,17,"Atakora River, Ghana","Atakora River, Ghana",-,7.1684222,-0.0811823,Volta,Afram,,144106-GHA.4_1-2047,7231,144106,GHA.4_1,2047,GHA,Ghana,Eastern,1073.012069,0.0000335,0,0,Low (<10%),0.0000248,0.000495787,0,Low (<5%),0.247287615,0.989150462,0,Low (<0.25),0.301655595,0.904966786,0,Low (<0.33),1.66923,-9999,-9999,Insignificant Trend,0.005371149,2.75108349,2,"Medium - High (2 in 1,000 to 6 in 1,000)",0,0,0,"Low (0 to 9 in 1,000,000)",0.610278436,3.05139218,3,Medium - High (0.6-0.8),1,5,4,Extremely High (100%),0.339256339,2.339256339,2,Medium - High (0 to 1),0.208053938,4.056957594,4,Extremely High (>20%),0.456252946,5,4,Extremely High (>20%),47,1.88,1,Low - Medium (25-50%),0.754069971,1.092081003,1,Low - Medium (1-2),0.530612245,4.113085446,4.241953373,4,Extremely High (4-5),0.12244898,4.234203375,4.28430222,4,Extremely High (4-5),0.183673469,2.009564934,2.815438641,2,Medium - High (2-3),0.836734694,1.053904223,1.902443845,1,Low - Medium (1-2),0.554621849,2.871405071,2.932507043,2,Medium - High (2-3),0.168067227,4.372685927,4.413725165,4,Extremely High (4-5),0.142857143,1.954577096,2.703218563,2,Medium - High (2-3),0.865546218,1.187639197,2.191449405,2,Medium - High (2-3),0.60952381,4.704361815,4.747317791,4,Extremely High (4-5),0.085714286,3.645652531,3.746118332,3,High (3-4),0.228571429,2.122101296,3.038105682,3,High (3-4),0.923809524,0.843815734,1.334637118,1,Low - Medium (1-2),0.571428571,4.113085446,4.241953373,4,Extremely High (4-5),0.107142857,3.998783038,4.064283213,4,Extremely High (4-5),0.178571429,1.909759303,2.611753679,2,Medium - High (2-3),0.857142857,0.976609661,1.693539625,1,Low - Medium (1-2),0.893617021,2.871405071,2.932507043,2,Medium - High (2-3),0.053191489,3.645652531,3.746118332,3,High (3-4),0.031914894,1.166621679,1.261036132,1,Low - Medium (1-2),0.978723404,0.713755449,0.991327012,0,Low (0-1),0.510204082,3.669628169,3.823767219,3,High (3-4),0.163265306,3.204239399,3.351999463,3,High (3-4),0.163265306,1.776459189,2.339712631,2,Medium - High (2-3),0.836734694,1.394722861,2.597495807,2,Medium - High (2-3),0.549618321,4.113085446,4.241953373,4,Extremely High (4-5),0.022900763,3.645652531,3.746118332,3,High (3-4),0.366412214,2.339435966,3.412820632,3,High (3-4),0.938931298,0.614627528,0.853649345,0,Low (0-1),0.390804598,5,5,4,Extremely High (4-5),0.011494253,3.645652531,3.746118332,3,High (3-4),0.551724138,2.420345271,3.552319432,3,High (3-4),0.954022989,0.855287166,1.365640989,1,Low - Medium (1-2),0.428571429,4.113085446,4.241953373,4,Extremely High (4-5),0.285714286,3.204239399,3.351999463,3,High (3-4),0.19047619,2.37858183,3.4803135,3,High (3-4),0.904761905,0.762642221,1.115249246,1,Low - Medium (1-2),0.387755102,4.467851268,4.545172024,4,Extremely High (4-5),0.204081633,3.204239399,3.351999463,3,High (3-4),0.326530612,2.45414545,3.610595604,3,High (3-4),0.918367347
0101000020E6100000161BB6D7C913DC3F3799B19B2B881E40,15,"Asukawkaw River, Ghana","Asukawkaw River, Ghana",-,7.632978852,0.438707791,Volta,Dayi,,144108-GHA.9_1-2047,7237,144108,GHA.9_1,2047,GHA,Ghana,Volta,1683.388843,0.002325532,0,0,Low (<10%),0.001879269,0.037585372,0,Low (<5%),0.269046882,1.076187526,1,Low - Medium (0.25-0.50),0.347944658,1.043833974,1,Low - Medium (0.33-0.66),1.66923,-9999,-9999,Insignificant Trend,0.007188528,3.137955124,3,"High (6 in 1,000 to 1 in 100)",0,0,0,"Low (0 to 9 in 1,000,000)",0.693907657,3.469538285,3,Medium - High (0.6-0.8),1,5,4,Extremely High (100%),-0.837110691,1.832577862,1,Low - Medium (-5 to 0),0.389980192,4.963400847,4,Extremely High (>20%),0.739069158,5,4,Extremely High (>20%),47,1.88,1,Low - Medium (25-50%),0.868260303,1.40070352,1,Low - Medium (1-2),0.530612245,3.944192621,4.09760053,4,Extremely High (4-5),0.12244898,4.637067043,4.660810321,4,Extremely High (4-5),0.183673469,2.14569578,3.078785828,3,High (3-4),0.836734694,1.2024692,2.220527842,2,Medium - High (2-3),0.554621849,2.466062289,2.369530958,2,Medium - High (2-3),0.168067227,4.799247458,4.812380801,4,Extremely High (4-5),0.142857143,2.041470095,2.880551213,2,Medium - High (2-3),0.865546218,1.355380582,2.520354082,2,Medium - High (2-3),0.60952381,4.648064207,4.699200177,4,Extremely High (4-5),0.085714286,3.947800282,4.016635778,4,Extremely High (4-5),0.228571429,2.302310741,3.348811623,3,High (3-4),0.923809524,0.967834363,1.669822603,1,Low - Medium (1-2),0.571428571,3.944192621,4.09760053,4,Extremely High (4-5),0.107142857,4.361360339,4.403140504,4,Extremely High (4-5),0.178571429,2.046863723,2.891558619,2,Medium - High (2-3),0.857142857,1.117536207,2.053992563,2,Medium - High (2-3),0.893617021,2.466062289,2.369530958,2,Medium - High (2-3),0.053191489,3.947800282,4.016635778,4,Extremely High (4-5),0.031914894,1.283116888,1.455194813,1,Low - Medium (1-2),0.978723404,0.820520011,1.271675705,1,Low - Medium (1-2),0.510204082,3.416288931,3.545372452,3,High (3-4),0.163265306,3.430850212,3.554330546,3,High (3-4),0.163265306,1.83634423,2.461926999,2,Medium - High (2-3),0.836734694,1.590286993,2.980954889,2,Medium - High (2-3),0.549618321,3.944192621,4.09760053,4,Extremely High (4-5),0.022900763,3.947800282,4.016635778,4,Extremely High (4-5),0.366412214,2.567704512,3.806387089,3,High (3-4),0.938931298,0.702390634,0.975542547,0,Low (0-1),0.390804598,5,5,4,Extremely High (4-5),0.011494253,3.947800282,4.016635778,4,Extremely High (4-5),0.551724138,2.631032471,3.915573226,3,High (3-4),0.954022989,0.978076184,1.697503199,1,Low - Medium (1-2),0.428571429,3.944192621,4.09760053,4,Extremely High (4-5),0.285714286,3.430850212,3.554330546,3,High (3-4),0.19047619,2.431118012,3.570893124,3,High (3-4),0.904761905,0.87165986,1.409891513,1,Low - Medium (1-2),0.387755102,4.366515572,4.458560318,4,Extremely High (4-5),0.204081633,3.430850212,3.554330546,3,High (3-4),0.326530612,2.55822881,3.790049672,3,High (3-4),0.918367347
0101000020E6100000A191516317CCD03FD781F77E38582240,16,Oti River,Oti River,-,9.17230603,0.262456748,Volta,Oti,,144201-GHA.6_1-2082,7245,144201,GHA.6_1,2082,GHA,Ghana,Northern,7213.818186,0.001940842,0,0,Low (<10%),0.001606046,0.032120921,0,Low (<5%),0.235182226,0.940728903,0,Low (<0.25),0.336592626,1.009777877,1,Low - Medium (0.33-0.66),1.21097,-9999,-9999,Insignificant Trend,0.007596673,3.192773189,3,"High (6 in 1,000 to 1 in 100)",0,0,0,"Low (0 to 9 in 1,000,000)",0.612393508,3.061967539,3,Medium - High (0.6-0.8),1,5,4,Extremely High (100%),0.281737988,2.281737988,2,Medium - High (0 to 1),0.301043539,4.589972155,4,Extremely High (>20%),0.600811338,5,4,Extremely High (>20%),47,1.88,1,Low - Medium (25-50%),0.801572719,1.220466807,1,Low - Medium (1-2),0.530612245,4.093912663,4.225566378,4,Extremely High (4-5),0.12244898,4.471098735,4.505699753,4,Extremely High (4-5),0.183673469,2.088884275,2.977314847,2,Medium - High (2-3),0.836734694,1.088210532,1.995163599,1,Low - Medium (1-2),0.554621849,2.82539039,2.868597764,2,Medium - High (2-3),0.168067227,4.623516308,4.648146082,4,Extremely High (4-5),0.142857143,2.009024079,2.814334855,2,Medium - High (2-3),0.865546218,1.306861028,2.425217703,2,Medium - High (2-3),0.60952381,4.697970888,4.741855459,4,Extremely High (4-5),0.085714286,3.823324052,3.904753617,3,High (3-4),0.228571429,2.244130114,3.248500196,3,High (3-4),0.923809524,0.911779495,1.518322959,1,Low - Medium (1-2),0.571428571,4.093912663,4.225566378,4,Extremely High (4-5),0.107142857,4.211988862,4.263540992,4,Extremely High (4-5),0.178571429,1.997089759,2.7899791,2,Medium - High (2-3),0.857142857,1.034389756,1.849702043,1,Low - Medium (1-2),0.893617021,2.82539039,2.868597764,2,Medium - High (2-3),0.053191489,3.823324052,3.904753617,3,High (3-4),0.031914894,1.222670257,1.354450428,1,Low - Medium (1-2),0.978723404,0.743553856,1.06365907,1,Low - Medium (1-2),0.510204082,3.640868994,3.79216373,3,High (3-4),0.163265306,3.337493039,3.470975927,3,High (3-4),0.163265306,1.815018114,2.418404313,2,Medium - High (2-3),0.836734694,1.501872863,2.807593849,2,Medium - High (2-3),0.549618321,4.093912663,4.225566378,4,Extremely High (4-5),0.022900763,3.823324052,3.904753617,3,High (3-4),0.366412214,2.471025517,3.639699167,3,High (3-4),0.938931298,0.674250738,0.936459358,0,Low (0-1),0.390804598,5,5,4,Extremely High (4-5),0.011494253,3.823324052,3.904753617,3,High (3-4),0.551724138,2.547519031,3.771584536,3,High (3-4),0.954022989,0.91883215,1.537384189,1,Low - Medium (1-2),0.428571429,4.093912663,4.225566378,4,Extremely High (4-5),0.285714286,3.337493039,3.470975927,3,High (3-4),0.19047619,2.43068092,3.570139517,3,High (3-4),0.904761905,0.817326359,1.263044214,1,Low - Medium (1-2),0.387755102,4.456347598,4.535339827,4,Extremely High (4-5),0.204081633,3.337493039,3.470975927,3,High (3-4),0.326530612,2.522057009,3.727684499,3,High (3-4),0.918367347
0101000020E610000008CD20D113F5EDBF35F792F1E8EB1D40,18,"Sene River, Ghana","Sene River, Ghana",-,7.480380797,-0.936166676,Volta,Tanfi Pru,,144302-GHA.1_1-2047,7293,144302,GHA.1_1,2047,GHA,Ghana,Ashanti,1911.820729,0.0000619,0,0,Low (<10%),0.0000514,0.00102705,0,Low (<5%),0.24379245,0.9751698,0,Low (<0.25),0.29380676,0.881420279,0,Low (<0.33),1.66923,-9999,-9999,Insignificant Trend,0.003306108,2.100619638,2,"Medium - High (2 in 1,000 to 6 in 1,000)",0,0,0,"Low (0 to 9 in 1,000,000)",0.627511127,3.137555634,3,Medium - High (0.6-0.8),1,5,4,Extremely High (100%),0.339256339,2.339256339,2,Medium - High (0 to 1),0.205628508,4.040040292,4,Extremely High (>20%),0.451896686,5,4,Extremely High (>20%),47,1.88,1,Low - Medium (25-50%),0.716010319,0.994458776,0,Low (0-1),0.530612245,4.113085446,4.241953373,4,Extremely High (4-5),0.12244898,4.226684574,4.277275303,4,Extremely High (4-5),0.183673469,1.983779076,2.762814442,2,Medium - High (2-3),0.836734694,1.033090916,1.846191665,1,Low - Medium (1-2),0.554621849,2.871405071,2.932507043,2,Medium - High (2-3),0.168067227,4.364724843,4.4062849,4,Extremely High (4-5),0.142857143,1.939926449,2.673319283,2,Medium - High (2-3),0.865546218,1.033514625,1.847336824,1,Low - Medium (1-2),0.60952381,4.704361815,4.747317791,4,Extremely High (4-5),0.085714286,3.640013431,3.74108342,3,High (3-4),0.228571429,2.019015615,2.834725745,2,Medium - High (2-3),0.923809524,0.771065551,1.138015004,1,Low - Medium (1-2),0.571428571,4.113085446,4.241953373,4,Extremely High (4-5),0.107142857,3.992016117,4.057958988,4,Extremely High (4-5),0.178571429,1.859849406,2.509896747,2,Medium - High (2-3),0.857142857,0.928265732,1.562880356,1,Low - Medium (1-2),0.893617021,2.871405071,2.932507043,2,Medium - High (2-3),0.053191489,3.640013431,3.74108342,3,High (3-4),0.031914894,1.122297686,1.18716281,1,Low - Medium (1-2),0.978723404,0.699632738,0.971712136,0,Low (0-1),0.510204082,3.669628169,3.823767219,3,High (3-4),0.163265306,3.200010073,3.348223279,3,High (3-4),0.163265306,1.767022546,2.320454176,2,Medium - High (2-3),0.836734694,1.267296959,2.347641097,2,Medium - High (2-3),0.549618321,4.113085446,4.241953373,4,Extremely High (4-5),0.022900763,3.640013431,3.74108342,3,High (3-4),0.366412214,2.26264457,3.280421672,3,High (3-4),0.938931298,0.541025829,0.751424762,0,Low (0-1),0.390804598,5,5,4,Extremely High (4-5),0.011494253,3.640013431,3.74108342,3,High (3-4),0.551724138,2.38693401,3.494713811,3,High (3-4),0.954022989,0.788535494,1.185231066,1,Low - Medium (1-2),0.428571429,4.113085446,4.241953373,4,Extremely High (4-5),0.285714286,3.200010073,3.348223279,3,High (3-4),0.19047619,2.346072233,3.42426247,3,High (3-4),0.904761905,0.700643085,0.973115396,0,Low (0-1),0.387755102,4.467851268,4.545172024,4,Extremely High (4-5),0.204081633,3.200010073,3.348223279,3,High (3-4),0.326530612,2.426464277,3.562869443,3,High (3-4),0.918367347
0101000020E6100000B417DEA04EADFFBFB573A93007242340,20,Black Volta,Black Volta,-,9.570367356,-1.979811314,Volta,Nakambe,,144420-GHA.6_1-2018,7315,144420,GHA.6_1,2018,GHA,Ghana,Northern,5129.208809,0.000152316,0,0,Low (<10%),0.00014996,0.002999197,0,Low (<5%),0.325417455,1.301669819,1,Low - Medium (0.25-0.50),0.475828285,1.427484856,1,Low - Medium (0.33-0.66),-0.469608,-9999,-9999,Insignificant Trend,0.002545319,1.755477694,1,"Low - Medium (1 in 1,000 to 2 in 1,000)",0,0,0,"Low (0 to 9 in 1,000,000)",0.53917519,2.695875949,2,Medium (0.4-0.6),1,5,4,Extremely High (100%),0.339256339,2.339256339,2,Medium - High (0 to 1),0.208053938,4.056957594,4,Extremely High (>20%),0.456252946,5,4,Extremely High (>20%),47,1.88,1,Low - Medium (25-50%),0.655677209,0.91066279,0,Low (0-1),0.530612245,4.113085446,4.241953373,4,Extremely High (4-5),0.12244898,4.234203375,4.28430222,4,Extremely High (4-5),0.183673469,1.947169524,2.68810107,2,Medium - High (2-3),0.836734694,0.961700627,1.653244937,1,Low - Medium (1-2),0.554621849,2.871405071,2.932507043,2,Medium - High (2-3),0.168067227,4.372685927,4.413725165,4,Extremely High (4-5),0.142857143,1.89549518,2.582643224,2,Medium - High (2-3),0.865546218,0.946800984,1.612975632,1,Low - Medium (1-2),0.60952381,4.704361815,4.747317791,4,Extremely High (4-5),0.085714286,3.645652531,3.746118332,3,High (3-4),0.228571429,1.963197733,2.720811699,2,Medium - High (2-3),0.923809524,0.727741172,1.020922086,1,Low - Medium (1-2),0.571428571,4.113085446,4.241953373,4,Extremely High (4-5),0.107142857,3.998783038,4.064283213,4,Extremely High (4-5),0.178571429,1.832376261,2.453829105,2,Medium - High (2-3),0.857142857,0.879195024,1.430256821,1,Low - Medium (1-2),0.893617021,2.871405071,2.932507043,2,Medium - High (2-3),0.053191489,3.645652531,3.746118332,3,High (3-4),0.031914894,1.07767788,1.112796466,1,Low - Medium (1-2),0.978723404,0.663751982,0.921877753,0,Low (0-1),0.510204082,3.669628169,3.823767219,3,High (3-4),0.163265306,3.204239399,3.351999463,3,High (3-4),0.163265306,1.745969271,2.277488308,2,Medium - High (2-3),0.836734694,1.141142647,2.100279699,2,Medium - High (2-3),0.549618321,4.113085446,4.241953373,4,Extremely High (4-5),0.022900763,3.645652531,3.746118332,3,High (3-4),0.366412214,2.190998768,3.156894427,3,High (3-4),0.938931298,0.525999083,0.730554281,0,Low (0-1),0.390804598,5,5,4,Extremely High (4-5),0.011494253,3.645652531,3.746118332,3,High (3-4),0.551724138,2.384039642,3.489723521,3,High (3-4),0.954022989,0.798500746,1.212164177,1,Low - Medium (1-2),0.428571429,4.113085446,4.241953373,4,Extremely High (4-5),0.285714286,3.204239399,3.351999463,3,High (3-4),0.19047619,2.351682999,3.433936205,3,High (3-4),0.904761905,0.681343609,0.946310568,0,Low (0-1),0.387755102,4.467851268,4.545172024,4,Extremely High (4-5),0.204081633,3.204239399,3.351999463,3,High (3-4),0.326530612,2.419819369,3.551412706,3,High (3-4),0.918367347
0101000020E6100000D0328D5197E7F7BF803CE4FB1C392440,22,"Kulpawn River, Ghana","Kulpawn River, Ghana",-,10.111549255,-1.494040793,Volta,Nakambe,,144460-GHA.6_1-2018,7323,144460,GHA.6_1,2018,GHA,Ghana,Northern,2322.114721,0.003259032,0,0,Low (<10%),0.002999721,0.059994418,0,Low (<5%),0.28349032,1.133961279,1,Low - Medium (0.25-0.50),0.394517813,1.183553438,1,Low - Medium (0.33-0.66),-0.469608,-9999,-9999,Insignificant Trend,0.002188967,1.558046914,1,"Low - Medium (1 in 1,000 to 2 in 1,000)",0,0,0,"Low (0 to 9 in 1,000,000)",0.51056116,2.5528058,2,Medium (0.4-0.6),1,5,4,Extremely High (100%),0.339256339,2.339256339,2,Medium - High (0 to 1),0.257388237,4.363946124,4,Extremely High (>20%),0.56227649,5,4,Extremely High (>20%),47,1.88,1,Low - Medium (25-50%),0.620184119,0.861366832,0,Low (0-1),0.530612245,4.113085446,4.241953373,4,Extremely High (4-5),0.12244898,4.370642722,4.411815628,4,Extremely High (4-5),0.183673469,1.954611811,2.703289411,2,Medium - High (2-3),0.836734694,0.901148307,1.489590019,1,Low - Medium (1-2),0.554621849,2.871405071,2.932507043,2,Medium - High (2-3),0.168067227,4.517151117,4.548739362,4,Extremely High (4-5),0.142857143,1.880538434,2.552119253,2,Medium - High (2-3),0.865546218,0.860956426,1.380963313,1,Low - Medium (1-2),0.60952381,4.704361815,4.747317791,4,Extremely High (4-5),0.085714286,3.747982041,3.837483966,3,High (3-4),0.228571429,1.931876666,2.656891155,2,Medium - High (2-3),0.923809524,0.673699864,0.935694255,0,Low (0-1),0.571428571,4.113085446,4.241953373,4,Extremely High (4-5),0.107142857,4.12157845,4.17904528,4,Extremely High (4-5),0.178571429,1.8219311,2.43251245,2,Medium - High (2-3),0.857142857,0.812779184,1.250754551,1,Low - Medium (1-2),0.893617021,2.871405071,2.932507043,2,Medium - High (2-3),0.053191489,3.747982041,3.837483966,3,High (3-4),0.031914894,1.020374162,1.01729027,1,Low - Medium (1-2),0.978723404,0.628028058,0.872261192,0,Low (0-1),0.510204082,3.669628169,3.823767219,3,High (3-4),0.163265306,3.280986531,3.420523688,3,High (3-4),0.163265306,1.739161441,2.263594777,2,Medium - High (2-3),0.836734694,1.04893969,1.889026188,1,Low - Medium (1-2),0.549618321,4.113085446,4.241953373,4,Extremely High (4-5),0.022900763,3.747982041,3.837483966,3,High (3-4),0.366412214,2.176959772,3.132689262,3,High (3-4),0.938931298,0.476847246,0.662287842,0,Low (0-1),0.390804598,5,5,4,Extremely High (4-5),0.011494253,3.747982041,3.837483966,3,High (3-4),0.551724138,2.423083667,3.557040805,3,High (3-4),0.954022989,0.727595141,1.020527408,1,Low - Medium (1-2),0.428571429,4.113085446,4.241953373,4,Extremely High (4-5),0.285714286,3.280986531,3.420523688,3,High (3-4),0.19047619,2.334253425,3.403885215,3,High (3-4),0.904761905,0.627008374,0.870844963,0,Low (0-1),0.387755102,4.467851268,4.545172024,4,Extremely High (4-5),0.204081633,3.280986531,3.420523688,3,High (3-4),0.326530612,2.424165695,3.558906371,3,High (3-4),0.918367347
0101000020E6100000E7D64D24F67BF6BF183845ECB8472540,23,"Sisili River, Ghana","Sisili River, Ghana",-,10.640082725,-1.405264036,Volta,Nakambe,,144460-GHA.7_1-2018,7324,144460,GHA.7_1,2018,GHA,Ghana,Upper East,1645.076161,0.003259032,0,0,Low (<10%),0.002999721,0.059994418,0,Low (<5%),0.28349032,1.133961279,1,Low - Medium (0.25-0.50),0.394517813,1.183553438,1,Low - Medium (0.33-0.66),-0.469608,-9999,-9999,Insignificant Trend,0.002188967,1.558046914,1,"Low - Medium (1 in 1,000 to 2 in 1,000)",0,0,0,"Low (0 to 9 in 1,000,000)",0.51056116,2.5528058,2,Medium (0.4-0.6),1,5,4,Extremely High (100%),0.339256339,2.339256339,2,Medium - High (0 to 1),0.257388237,4.363946124,4,Extremely High (>20%),0.56227649,5,4,Extremely High (>20%),47,1.88,1,Low - Medium (25-50%),0.620184119,0.861366832,0,Low (0-1),0.530612245,4.113085446,4.241953373,4,Extremely High (4-5),0.12244898,4.370642722,4.411815628,4,Extremely High (4-5),0.183673469,1.954611811,2.703289411,2,Medium - High (2-3),0.836734694,0.901148307,1.489590019,1,Low - Medium (1-2),0.554621849,2.871405071,2.932507043,2,Medium - High (2-3),0.168067227,4.517151117,4.548739362,4,Extremely High (4-5),0.142857143,1.880538434,2.552119253,2,Medium - High (2-3),0.865546218,0.860956426,1.380963313,1,Low - Medium (1-2),0.60952381,4.704361815,4.747317791,4,Extremely High (4-5),0.085714286,3.747982041,3.837483966,3,High (3-4),0.228571429,1.931876666,2.656891155,2,Medium - High (2-3),0.923809524,0.673699864,0.935694255,0,Low (0-1),0.571428571,4.113085446,4.241953373,4,Extremely High (4-5),0.107142857,4.12157845,4.17904528,4,Extremely High (4-5),0.178571429,1.8219311,2.43251245,2,Medium - High (2-3),0.857142857,0.812779184,1.250754551,1,Low - Medium (1-2),0.893617021,2.871405071,2.932507043,2,Medium - High (2-3),0.053191489,3.747982041,3.837483966,3,High (3-4),0.031914894,1.020374162,1.01729027,1,Low - Medium (1-2),0.978723404,0.628028058,0.872261192,0,Low (0-1),0.510204082,3.669628169,3.823767219,3,High (3-4),0.163265306,3.280986531,3.420523688,3,High (3-4),0.163265306,1.739161441,2.263594777,2,Medium - High (2-3),0.836734694,1.04893969,1.889026188,1,Low - Medium (1-2),0.549618321,4.113085446,4.241953373,4,Extremely High (4-5),0.022900763,3.747982041,3.837483966,3,High (3-4),0.366412214,2.176959772,3.132689262,3,High (3-4),0.938931298,0.476847246,0.662287842,0,Low (0-1),0.390804598,5,5,4,Extremely High (4-5),0.011494253,3.747982041,3.837483966,3,High (3-4),0.551724138,2.423083667,3.557040805,3,High (3-4),0.954022989,0.727595141,1.020527408,1,Low - Medium (1-2),0.428571429,4.113085446,4.241953373,4,Extremely High (4-5),0.285714286,3.280986531,3.420523688,3,High (3-4),0.19047619,2.334253425,3.403885215,3,High (3-4),0.904761905,0.627008374,0.870844963,0,Low (0-1),0.387755102,4.467851268,4.545172024,4,Extremely High (4-5),0.204081633,3.280986531,3.420523688,3,High (3-4),0.326530612,2.424165695,3.558906371,3,High (3-4),0.918367347
0101000020E61000005E43F4946A09E2BF54FFFF8338782540,24,Red Volta River,Red Volta River,-,10.73480618,-0.563649455,Volta,Nakambe,,144480-GHA.7_1-2018,7335,144480,GHA.7_1,2018,GHA,Ghana,Upper East,539.1500777,0.000489053,0,0,Low (<10%),0.000294217,0.005884336,0,Low (<5%),0.655963279,2.623853115,2,Medium - High (0.50-0.75),0.289861179,0.869583538,0,Low (<0.33),-0.469608,-9999,-9999,Insignificant Trend,0.004305843,2.415524572,2,"Medium - High (2 in 1,000 to 6 in 1,000)",0,0,0,"Low (0 to 9 in 1,000,000)",0.595741657,2.978708286,2,Medium (0.4-0.6),1,5,4,Extremely High (100%),0.339256339,2.339256339,2,Medium - High (0 to 1),0.317150768,4.665168835,4,Extremely High (>20%),0.690711721,5,4,Extremely High (>20%),47,1.88,1,Low - Medium (25-50%),0.780245909,1.162826781,1,Low - Medium (1-2),0.530612245,4.113085446,4.241953373,4,Extremely High (4-5),0.12244898,4.504519482,4.536934095,4,Extremely High (4-5),0.183673469,2.085501991,2.970412227,2,Medium - High (2-3),0.836734694,1.214326852,2.243778141,2,Medium - High (2-3),0.554621849,2.871405071,2.932507043,2,Medium - High (2-3),0.168067227,4.658902981,4.681217739,4,Extremely High (4-5),0.142857143,2.104611887,3.007951529,3,High (3-4),0.865546218,1.195295012,2.206460807,2,Medium - High (2-3),0.60952381,4.704361815,4.747317791,4,Extremely High (4-5),0.085714286,3.848389612,3.927133582,3,High (3-4),0.228571429,2.177314307,3.133300529,3,High (3-4),0.923809524,0.894089982,1.470513465,1,Low - Medium (1-2),0.571428571,4.113085446,4.241953373,4,Extremely High (4-5),0.107142857,4.242067534,4.291651901,4,Extremely High (4-5),0.178571429,1.993959738,2.783591303,2,Medium - High (2-3),0.857142857,1.006306658,1.773801779,1,Low - Medium (1-2),0.893617021,2.871405071,2.932507043,2,Medium - High (2-3),0.053191489,3.848389612,3.927133582,3,High (3-4),0.031914894,1.200347321,1.317245534,1,Low - Medium (1-2),0.978723404,0.819788887,1.269699694,1,Low - Medium (1-2),0.510204082,3.669628169,3.823767219,3,High (3-4),0.163265306,3.356292209,3.487760901,3,High (3-4),0.163265306,1.870782566,2.532209318,2,Medium - High (2-3),0.836734694,1.393452042,2.595004004,2,Medium - High (2-3),0.549618321,4.113085446,4.241953373,4,Extremely High (4-5),0.022900763,3.848389612,3.927133582,3,High (3-4),0.366412214,2.417808982,3.54794652,3,High (3-4),0.938931298,0.665586044,0.924425062,0,Low (0-1),0.390804598,5,5,4,Extremely High (4-5),0.011494253,3.848389612,3.927133582,3,High (3-4),0.551724138,2.558465384,3.790457559,3,High (3-4),0.954022989,0.988826465,1.726558013,1,Low - Medium (1-2),0.428571429,4.113085446,4.241953373,4,Extremely High (4-5),0.285714286,3.356292209,3.487760901,3,High (3-4),0.19047619,2.473848405,3.644566216,3,High (3-4),0.904761905,0.891015412,1.462203816,1,Low - Medium (1-2),0.387755102,4.467851268,4.545172024,4,Extremely High (4-5),0.204081633,3.356292209,3.487760901,3,High (3-4),0.326530612,2.562410685,3.797259803,3,High (3-4),0.918367347
0101000020E610000078C9FDE3C46003C07D9BD56D16561F40,21,"Tain River, Ghana","Tain River, Ghana",-,7.834069935,-2.422250539,Volta,Mouhoun 1,,144504-GHA.2_1-2018,7379,144504,GHA.2_1,2018,GHA,Ghana,Brong Ahafo,5937.025753,0.002713403,0,0,Low (<10%),0.00131266,0.026253193,0,Low (<5%),0.24880893,0.995235719,0,Low (<0.25),0.289449415,0.868348246,0,Low (<0.33),-0.469608,-9999,-9999,Insignificant Trend,0.00102134,0.864281975,0,"Low (0 to 1 in 1,000)",0,0,0,"Low (0 to 9 in 1,000,000)",0.63101729,3.155086452,3,Medium - High (0.6-0.8),1,5,4,Extremely High (100%),-0.141487097,1.971702581,1,Low - Medium (-5 to 0),0.171680985,3.779730256,3,High (10-20%),0.394364448,4.979529498,4,Extremely High (>20%),47,1.88,1,Low - Medium (25-50%),0.631635356,0.877271328,0,Low (0-1),0.530612245,3.990567527,4.137237202,4,Extremely High (4-5),0.12244898,4.101893224,4.160647873,4,Extremely High (4-5),0.183673469,1.884950328,2.561123118,2,Medium - High (2-3),0.836734694,0.970562795,1.677196743,1,Low - Medium (1-2),0.554621849,2.577362065,2.524113979,2,Medium - High (2-3),0.168067227,4.232592825,4.282797033,4,Extremely High (4-5),0.142857143,1.820955959,2.430522365,2,Medium - High (2-3),0.865546218,0.730211947,1.027599857,1,Low - Medium (1-2),0.60952381,4.663522509,4.712412401,4,Extremely High (4-5),0.085714286,3.546419918,3.657517784,3,High (3-4),0.228571429,1.791952013,2.371330638,2,Medium - High (2-3),0.923809524,0.625458349,0.868692152,0,Low (0-1),0.571428571,3.990567527,4.137237202,4,Extremely High (4-5),0.107142857,3.879703901,3.955092769,3,High (3-4),0.178571429,1.72406482,2.232785347,2,Medium - High (2-3),0.857142857,0.818374035,1.265875771,1,Low - Medium (1-2),0.893617021,2.577362065,2.524113979,2,Medium - High (2-3),0.053191489,3.546419918,3.657517784,3,High (3-4),0.031914894,1.002929229,0.992999236,0,Low (0-1),0.978723404,0.66213892,0.919637389,0,Low (0-1),0.510204082,3.48585129,3.621814605,3,High (3-4),0.163265306,3.129814938,3.285549052,3,High (3-4),0.163265306,1.694604947,2.172663158,2,Medium - High (2-3),0.836734694,0.999642448,1.755790399,1,Low - Medium (1-2),0.549618321,3.990567527,4.137237202,4,Extremely High (4-5),0.022900763,3.546419918,3.657517784,3,High (3-4),0.366412214,2.066456218,2.931543303,2,Medium - High (2-3),0.938931298,0.39998475,0.555534375,0,Low (0-1),0.390804598,5,5,4,Extremely High (4-5),0.011494253,3.546419918,3.657517784,3,High (3-4),0.551724138,2.275031778,3.301778927,3,High (3-4),0.954022989,0.65949542,0.915965861,0,Low (0-1),0.428571429,3.990567527,4.137237202,4,Extremely High (4-5),0.285714286,3.129814938,3.285549052,3,High (3-4),0.19047619,2.231480194,3.22668999,3,High (3-4),0.904761905,0.579082595,0.804281382,0,Low (0-1),0.387755102,4.394340516,4.482342321,4,Extremely High (4-5),0.204081633,3.129814938,3.285549052,3,High (3-4),0.326530612,2.333844744,3.403180593,3,High (3-4),0.918367347
0101000020E61000008D26A50D78FAD4BF2627C929F0261640,9,"Densu, Ghana","Densu, Ghana",-,5.538025525,-0.327787412,"Africa, West Coast",Densu,,145102-GHA.5_1-2243,7485,145102,GHA.5_1,2243,GHA,Ghana,Greater Accra,486.8398196,0.054713895,0.129979156,0,Low (<10%),0.030630929,0.612618589,0,Low (<5%),0.325316699,1.301266798,1,Low - Medium (0.25-0.50),0.287702046,0.863106138,0,Low (<0.33),-0.403985,-9999,-9999,Insignificant Trend,0.005583809,2.818069067,2,"Medium - High (2 in 1,000 to 6 in 1,000)",0,0,0,"Low (0 to 9 in 1,000,000)",0.62906778,3.145338901,3,Medium - High (0.6-0.8),1,5,4,Extremely High (100%),-1.358889899,1.72822202,1,Low - Medium (-5 to 0),0.140085987,3.486312653,3,High (10-20%),0.334177243,4.740613492,4,Extremely High (>20%),47,1.88,1,Low - Medium (25-50%),1.012409563,1.790296116,1,Low - Medium (1-2),0.530612245,3.90940734,4.067869521,4,Extremely High (4-5),0.12244898,3.865300509,3.942232597,3,High (3-4),0.183673469,2.062604811,2.923683288,2,Medium - High (2-3),0.836734694,1.297206201,2.406286669,2,Medium - High (2-3),0.554621849,2.382577616,2.253580022,2,Medium - High (2-3),0.168067227,3.982082892,4.0486756,4,Extremely High (4-5),0.142857143,1.95109292,2.696108,2,Medium - High (2-3),0.865546218,1.325782656,2.462318933,2,Medium - High (2-3),0.60952381,4.636469113,4.68928984,4,Extremely High (4-5),0.085714286,3.368975382,3.499085162,3,High (3-4),0.228571429,2.138491971,3.066365467,3,High (3-4),0.923809524,1.066348741,1.936077678,1,Low - Medium (1-2),0.571428571,3.90940734,4.067869521,4,Extremely High (4-5),0.107142857,3.666770458,3.764973623,3,High (3-4),0.178571429,1.96348559,2.721399164,2,Medium - High (2-3),0.857142857,1.153112562,2.123750121,2,Medium - High (2-3),0.893617021,2.382577616,2.253580022,2,Medium - High (2-3),0.053191489,3.368975382,3.499085162,3,High (3-4),0.031914894,1.292187711,1.470312851,1,Low - Medium (1-2),0.978723404,0.992233855,1.735767175,1,Low - Medium (1-2),0.510204082,3.36411101,3.488034077,3,High (3-4),0.163265306,2.996731536,3.166724586,3,High (3-4),0.163265306,1.846160652,2.481960515,2,Medium - High (2-3),0.836734694,1.527955572,2.858736416,2,Medium - High (2-3),0.549618321,3.90940734,4.067869521,4,Extremely High (4-5),0.022900763,3.368975382,3.499085162,3,High (3-4),0.366412214,2.304486517,3.35256296,3,High (3-4),0.938931298,0.731237968,1.030372887,1,Low - Medium (1-2),0.390804598,5,5,4,Extremely High (4-5),0.011494253,3.368975382,3.499085162,3,High (3-4),0.551724138,2.30810734,3.358805759,3,High (3-4),0.954022989,1.068108488,1.940833752,1,Low - Medium (1-2),0.428571429,3.90940734,4.067869521,4,Extremely High (4-5),0.285714286,2.996731536,3.166724586,3,High (3-4),0.19047619,2.371386662,3.467908038,3,High (3-4),0.904761905,0.966465613,1.666123279,1,Low - Medium (1-2),0.387755102,4.345644404,4.440721713,4,Extremely High (4-5),0.204081633,2.996731536,3.166724586,3,High (3-4),0.326530612,2.439266562,3.584942348,3,High (3-4),0.918367347
0101000020E61000003DD3411AF2C808C089FB8892A2F71740,0,Bia River,Bia River,-,5.991831102,-3.098118024,"Africa, West Coast",Bia,,145108-CIV.3_1-2047,7517,145108,CIV.3_1,2047,CIV,Cte d'Ivoire,Como,4573.124672,0.008340579,0,0,Low (<10%),0.004979585,0.099591701,0,Low (<5%),0.32724315,1.308972599,1,Low - Medium (0.25-0.50),0.231045764,0.693137291,0,Low (<0.33),1.66923,-9999,-9999,Insignificant Trend,0.01219132,3.809880735,3,"High (6 in 1,000 to 1 in 100)",0,0,0,"Low (0 to 9 in 1,000,000)",0.579067786,2.895338931,2,Medium (0.4-0.6),1,5,4,Extremely High (100%),-3.96098265,1.20780347,1,Low - Medium (-5 to 0),0.225384526,4.172388471,4,Extremely High (>20%),0.49646047,5,4,Extremely High (>20%),82,4.28,4,Extremely High (>75%),0.846152334,1.340952255,1,Low - Medium (1-2),0.530612245,3.73593449,3.896631308,3,High (3-4),0.12244898,4.552172654,4.58146977,4,Extremely High (4-5),0.183673469,2.082563939,2.964416203,2,Medium - High (2-3),0.836734694,1.136613158,2.091398349,2,Medium - High (2-3),0.554621849,1.966242776,1.688323701,1,Low - Medium (1-2),0.168067227,4.56818281,4.596432533,4,Extremely High (4-5),0.142857143,1.864081861,2.518534411,2,Medium - High (2-3),0.865546218,1.451968381,2.709741923,2,Medium - High (2-3),0.60952381,4.57864483,4.639867376,4,Extremely High (4-5),0.085714286,4.48412949,4.517878028,4,Extremely High (4-5),0.228571429,2.49229781,3.676375535,3,High (3-4),0.923809524,0.988182252,1.724816896,1,Low - Medium (1-2),0.571428571,3.73593449,3.896631308,3,High (3-4),0.107142857,4.524955388,4.556033073,4,Extremely High (4-5),0.178571429,2.068479018,2.935671466,2,Medium - High (2-3),0.857142857,1.061653866,1.923388826,1,Low - Medium (1-2),0.893617021,1.966242776,1.688323701,1,Low - Medium (1-2),0.053191489,4.48412949,4.517878028,4,Extremely High (4-5),0.031914894,1.222418772,1.354031287,1,Low - Medium (1-2),0.978723404,0.779962102,1.162059736,1,Low - Medium (1-2),0.510204082,3.103901735,3.202089819,3,High (3-4),0.163265306,4.433097118,4.470184222,4,Extremely High (4-5),0.163265306,1.94622057,2.686164429,2,Medium - High (2-3),0.836734694,1.612342886,3.016679576,3,High (3-4),0.549618321,3.73593449,3.896631308,3,High (3-4),0.022900763,4.48412949,4.517878028,4,Extremely High (4-5),0.366412214,2.784835015,4.045187506,4,Extremely High (4-5),0.938931298,0.748023158,1.075738266,1,Low - Medium (1-2),0.390804598,5,5,4,Extremely High (4-5),0.011494253,4.48412949,4.517878028,4,Extremely High (4-5),0.551724138,2.959891601,4.120642932,4,Extremely High (4-5),0.954022989,0.989612551,1.72868257,1,Low - Medium (1-2),0.428571429,3.73593449,3.896631308,3,High (3-4),0.285714286,4.433097118,4.470184222,4,Extremely High (4-5),0.19047619,2.58181623,3.830717638,3,High (3-4),0.904761905,0.90104677,1.489315594,1,Low - Medium (1-2),0.387755102,4.241560694,4.351761277,4,Extremely High (4-5),0.204081633,4.433097118,4.470184222,4,Extremely High (4-5),0.326530612,2.899223321,4.094492811,4,Extremely High (4-5),0.918367347
0101000020E6100000512FF83427CF04C0D9DC877258A81540,2,"Nini River, Ghana","Nini River, Ghana",-,5.4143999,-2.601149,"Africa, West Coast",Tano,,145108-GHA.10_1-2047,7522,145108,GHA.10_1,2047,GHA,Ghana,Western,11217.66002,0.008340579,0,0,Low (<10%),0.004979585,0.099591701,0,Low (<5%),0.32724315,1.308972599,1,Low - Medium (0.25-0.50),0.231045764,0.693137291,0,Low (<0.33),1.66923,-9999,-9999,Insignificant Trend,0.01219132,3.809880735,3,"High (6 in 1,000 to 1 in 100)",0,0,0,"Low (0 to 9 in 1,000,000)",0.579067786,2.895338931,2,Medium (0.4-0.6),1,5,4,Extremely High (100%),-3.96098265,1.20780347,1,Low - Medium (-5 to 0),0.225384526,4.172388471,4,Extremely High (>20%),0.49646047,5,4,Extremely High (>20%),47,1.88,1,Low - Medium (25-50%),0.846152334,1.340952255,1,Low - Medium (1-2),0.530612245,3.73593449,3.896631308,3,High (3-4),0.12244898,4.285505987,4.332248586,4,Extremely High (4-5),0.183673469,2.024027354,2.844953784,2,Medium - High (2-3),0.836734694,1.136613158,2.091398349,2,Medium - High (2-3),0.554621849,1.966242776,1.688323701,1,Low - Medium (1-2),0.168067227,4.427006339,4.464491906,4,Extremely High (4-5),0.142857143,1.84078089,2.470981409,2,Medium - High (2-3),0.865546218,1.451968381,2.709741923,2,Medium - High (2-3),0.60952381,4.57864483,4.639867376,4,Extremely High (4-5),0.085714286,3.68412949,3.780472759,3,High (3-4),0.228571429,2.294359666,3.335102873,3,High (3-4),0.923809524,0.988182252,1.724816896,1,Low - Medium (1-2),0.571428571,3.73593449,3.896631308,3,High (3-4),0.107142857,4.044955388,4.107434942,4,Extremely High (4-5),0.178571429,1.968479018,2.731589833,2,Medium - High (2-3),0.857142857,1.061653866,1.923388826,1,Low - Medium (1-2),0.893617021,1.966242776,1.688323701,1,Low - Medium (1-2),0.053191489,3.68412949,3.780472759,3,High (3-4),0.031914894,1.196331816,1.310553027,1,Low - Medium (1-2),0.978723404,0.779962102,1.162059736,1,Low - Medium (1-2),0.510204082,3.103901735,3.202089819,3,High (3-4),0.163265306,3.233097118,3.377765284,3,High (3-4),0.163265306,1.712074229,2.208314753,2,Medium - High (2-3),0.836734694,1.612342886,3.016679576,3,High (3-4),0.549618321,3.73593449,3.896631308,3,High (3-4),0.022900763,3.68412949,3.780472759,3,High (3-4),0.366412214,2.472639893,3.642482574,3,High (3-4),0.938931298,0.748023158,1.075738266,1,Low - Medium (1-2),0.390804598,5,5,4,Extremely High (4-5),0.011494253,3.68412949,3.780472759,3,High (3-4),0.551724138,2.497240999,3.684898274,3,High (3-4),0.954022989,0.989612551,1.72868257,1,Low - Medium (1-2),0.428571429,3.73593449,3.896631308,3,High (3-4),0.285714286,3.233097118,3.377765284,3,High (3-4),0.19047619,2.329184651,3.39514595,3,High (3-4),0.904761905,0.90104677,1.489315594,1,Low - Medium (1-2),0.387755102,4.241560694,4.351761277,4,Extremely High (4-5),0.204081633,3.233097118,3.377765284,3,High (3-4),0.326530612,2.472556654,3.642339059,3,High (3-4),0.918367347
0101000020E6100000F6150EFE2A1E05C0A58687471A821740,1,Tano River,Tano River,-,5.877053373,-2.639730439,"Africa, West Coast",Tano,,145108-GHA.10_1-2047,7522,145108,GHA.10_1,2047,GHA,Ghana,Western,11217.66002,0.008340579,0,0,Low (<10%),0.004979585,0.099591701,0,Low (<5%),0.32724315,1.308972599,1,Low - Medium (0.25-0.50),0.231045764,0.693137291,0,Low (<0.33),1.66923,-9999,-9999,Insignificant Trend,0.01219132,3.809880735,3,"High (6 in 1,000 to 1 in 100)",0,0,0,"Low (0 to 9 in 1,000,000)",0.579067786,2.895338931,2,Medium (0.4-0.6),1,5,4,Extremely High (100%),-3.96098265,1.20780347,1,Low - Medium (-5 to 0),0.225384526,4.172388471,4,Extremely High (>20%),0.49646047,5,4,Extremely High (>20%),47,1.88,1,Low - Medium (25-50%),0.846152334,1.340952255,1,Low - Medium (1-2),0.530612245,3.73593449,3.896631308,3,High (3-4),0.12244898,4.285505987,4.332248586,4,Extremely High (4-5),0.183673469,2.024027354,2.844953784,2,Medium - High (2-3),0.836734694,1.136613158,2.091398349,2,Medium - High (2-3),0.554621849,1.966242776,1.688323701,1,Low - Medium (1-2),0.168067227,4.427006339,4.464491906,4,Extremely High (4-5),0.142857143,1.84078089,2.470981409,2,Medium - High (2-3),0.865546218,1.451968381,2.709741923,2,Medium - High (2-3),0.60952381,4.57864483,4.639867376,4,Extremely High (4-5),0.085714286,3.68412949,3.780472759,3,High (3-4),0.228571429,2.294359666,3.335102873,3,High (3-4),0.923809524,0.988182252,1.724816896,1,Low - Medium (1-2),0.571428571,3.73593449,3.896631308,3,High (3-4),0.107142857,4.044955388,4.107434942,4,Extremely High (4-5),0.178571429,1.968479018,2.731589833,2,Medium - High (2-3),0.857142857,1.061653866,1.923388826,1,Low - Medium (1-2),0.893617021,1.966242776,1.688323701,1,Low - Medium (1-2),0.053191489,3.68412949,3.780472759,3,High (3-4),0.031914894,1.196331816,1.310553027,1,Low - Medium (1-2),0.978723404,0.779962102,1.162059736,1,Low - Medium (1-2),0.510204082,3.103901735,3.202089819,3,High (3-4),0.163265306,3.233097118,3.377765284,3,High (3-4),0.163265306,1.712074229,2.208314753,2,Medium - High (2-3),0.836734694,1.612342886,3.016679576,3,High (3-4),0.549618321,3.73593449,3.896631308,3,High (3-4),0.022900763,3.68412949,3.780472759,3,High (3-4),0.366412214,2.472639893,3.642482574,3,High (3-4),0.938931298,0.748023158,1.075738266,1,Low - Medium (1-2),0.390804598,5,5,4,Extremely High (4-5),0.011494253,3.68412949,3.780472759,3,High (3-4),0.551724138,2.497240999,3.684898274,3,High (3-4),0.954022989,0.989612551,1.72868257,1,Low - Medium (1-2),0.428571429,3.73593449,3.896631308,3,High (3-4),0.285714286,3.233097118,3.377765284,3,High (3-4),0.19047619,2.329184651,3.39514595,3,High (3-4),0.904761905,0.90104677,1.489315594,1,Low - Medium (1-2),0.387755102,4.241560694,4.351761277,4,Extremely High (4-5),0.204081633,3.233097118,3.377765284,3,High (3-4),0.326530612,2.472556654,3.642339059,3,High (3-4),0.918367347
